拼音音节,IPA,声调
ba,pa˥,一声 (阴平)
ba,pa˧˥,二声 (阳平)
ba,pa˨˩˦,三声 (上声)
ba,pa˥˩,四声 (去声)
ba,"pa (ə (短促, 无固定调))",轻声
bo,pɔ˥,一声 (阴平)
bo,pɔ˧˥,二声 (阳平)
bo,pɔ˨˩˦,三声 (上声)
bo,pɔ˥˩,四声 (去声)
bo,"pɔ (ə (短促, 无固定调))",轻声
be,pɤ˥,一声 (阴平)
be,pɤ˧˥,二声 (阳平)
be,pɤ˨˩˦,三声 (上声)
be,pɤ˥˩,四声 (去声)
be,"pɤ (ə (短促, 无固定调))",轻声
bi,pi˥,一声 (阴平)
bi,pi˧˥,二声 (阳平)
bi,pi˨˩˦,三声 (上声)
bi,pi˥˩,四声 (去声)
bi,"pi (ə (短促, 无固定调))",轻声
bu,pu˥,一声 (阴平)
bu,pu˧˥,二声 (阳平)
bu,pu˨˩˦,三声 (上声)
bu,pu˥˩,四声 (去声)
bu,"pu (ə (短促, 无固定调))",轻声
bü,py˥,一声 (阴平)
bü,py˧˥,二声 (阳平)
bü,py˨˩˦,三声 (上声)
bü,py˥˩,四声 (去声)
bü,"py (ə (短促, 无固定调))",轻声
bai,pai̯˥,一声 (阴平)
bai,pai̯˧˥,二声 (阳平)
bai,pai̯˨˩˦,三声 (上声)
bai,pai̯˥˩,四声 (去声)
bai,"pai̯ (ə (短促, 无固定调))",轻声
bei,pei̯˥,一声 (阴平)
bei,pei̯˧˥,二声 (阳平)
bei,pei̯˨˩˦,三声 (上声)
bei,pei̯˥˩,四声 (去声)
bei,"pei̯ (ə (短促, 无固定调))",轻声
bao,pau̯˥,一声 (阴平)
bao,pau̯˧˥,二声 (阳平)
bao,pau̯˨˩˦,三声 (上声)
bao,pau̯˥˩,四声 (去声)
bao,"pau̯ (ə (短促, 无固定调))",轻声
bou,pou̯˥,一声 (阴平)
bou,pou̯˧˥,二声 (阳平)
bou,pou̯˨˩˦,三声 (上声)
bou,pou̯˥˩,四声 (去声)
bou,"pou̯ (ə (短促, 无固定调))",轻声
bia,pi̯a˥,一声 (阴平)
bia,pi̯a˧˥,二声 (阳平)
bia,pi̯a˨˩˦,三声 (上声)
bia,pi̯a˥˩,四声 (去声)
bia,"pi̯a (ə (短促, 无固定调))",轻声
bie,pi̯ɛ˥,一声 (阴平)
bie,pi̯ɛ˧˥,二声 (阳平)
bie,pi̯ɛ˨˩˦,三声 (上声)
bie,pi̯ɛ˥˩,四声 (去声)
bie,"pi̯ɛ (ə (短促, 无固定调))",轻声
biao,pi̯au̯˥,一声 (阴平)
biao,pi̯au̯˧˥,二声 (阳平)
biao,pi̯au̯˨˩˦,三声 (上声)
biao,pi̯au̯˥˩,四声 (去声)
biao,"pi̯au̯ (ə (短促, 无固定调))",轻声
biu,piou̯˥,一声 (阴平)
biu,piou̯˧˥,二声 (阳平)
biu,piou̯˨˩˦,三声 (上声)
biu,piou̯˥˩,四声 (去声)
biu,"piou̯ (ə (短促, 无固定调))",轻声
bua,pu̯a˥,一声 (阴平)
bua,pu̯a˧˥,二声 (阳平)
bua,pu̯a˨˩˦,三声 (上声)
bua,pu̯a˥˩,四声 (去声)
bua,"pu̯a (ə (短促, 无固定调))",轻声
buo,pu̯ɔ˥,一声 (阴平)
buo,pu̯ɔ˧˥,二声 (阳平)
buo,pu̯ɔ˨˩˦,三声 (上声)
buo,pu̯ɔ˥˩,四声 (去声)
buo,"pu̯ɔ (ə (短促, 无固定调))",轻声
buai,pu̯ai̯˥,一声 (阴平)
buai,pu̯ai̯˧˥,二声 (阳平)
buai,pu̯ai̯˨˩˦,三声 (上声)
buai,pu̯ai̯˥˩,四声 (去声)
buai,"pu̯ai̯ (ə (短促, 无固定调))",轻声
bui,puei̯˥,一声 (阴平)
bui,puei̯˧˥,二声 (阳平)
bui,puei̯˨˩˦,三声 (上声)
bui,puei̯˥˩,四声 (去声)
bui,"puei̯ (ə (短促, 无固定调))",轻声
büe,pyɛ˥,一声 (阴平)
büe,pyɛ˧˥,二声 (阳平)
büe,pyɛ˨˩˦,三声 (上声)
büe,pyɛ˥˩,四声 (去声)
büe,"pyɛ (ə (短促, 无固定调))",轻声
ber,paɻ˥,一声 (阴平)
ber,paɻ˧˥,二声 (阳平)
ber,paɻ˨˩˦,三声 (上声)
ber,paɻ˥˩,四声 (去声)
ber,"paɻ (ə (短促, 无固定调))",轻声
ban,pan˥,一声 (阴平)
ban,pan˧˥,二声 (阳平)
ban,pan˨˩˦,三声 (上声)
ban,pan˥˩,四声 (去声)
ban,"pan (ə (短促, 无固定调))",轻声
ben,pən˥,一声 (阴平)
ben,pən˧˥,二声 (阳平)
ben,pən˨˩˦,三声 (上声)
ben,pən˥˩,四声 (去声)
ben,"pən (ə (短促, 无固定调))",轻声
bin,pin˥,一声 (阴平)
bin,pin˧˥,二声 (阳平)
bin,pin˨˩˦,三声 (上声)
bin,pin˥˩,四声 (去声)
bin,"pin (ə (短促, 无固定调))",轻声
bun,pu̯ən˥,一声 (阴平)
bun,pu̯ən˧˥,二声 (阳平)
bun,pu̯ən˨˩˦,三声 (上声)
bun,pu̯ən˥˩,四声 (去声)
bun,"pu̯ən (ə (短促, 无固定调))",轻声
bün,pyn˥,一声 (阴平)
bün,pyn˧˥,二声 (阳平)
bün,pyn˨˩˦,三声 (上声)
bün,pyn˥˩,四声 (去声)
bün,"pyn (ə (短促, 无固定调))",轻声
bang,pɑŋ˥,一声 (阴平)
bang,pɑŋ˧˥,二声 (阳平)
bang,pɑŋ˨˩˦,三声 (上声)
bang,pɑŋ˥˩,四声 (去声)
bang,"pɑŋ (ə (短促, 无固定调))",轻声
beng,pəŋ˥,一声 (阴平)
beng,pəŋ˧˥,二声 (阳平)
beng,pəŋ˨˩˦,三声 (上声)
beng,pəŋ˥˩,四声 (去声)
beng,"pəŋ (ə (短促, 无固定调))",轻声
bing,piŋ˥,一声 (阴平)
bing,piŋ˧˥,二声 (阳平)
bing,piŋ˨˩˦,三声 (上声)
bing,piŋ˥˩,四声 (去声)
bing,"piŋ (ə (短促, 无固定调))",轻声
bong,pʊŋ˥,一声 (阴平)
bong,pʊŋ˧˥,二声 (阳平)
bong,pʊŋ˨˩˦,三声 (上声)
bong,pʊŋ˥˩,四声 (去声)
bong,"pʊŋ (ə (短促, 无固定调))",轻声
pa,pʰa˥,一声 (阴平)
pa,pʰa˧˥,二声 (阳平)
pa,pʰa˨˩˦,三声 (上声)
pa,pʰa˥˩,四声 (去声)
pa,"pʰa (ə (短促, 无固定调))",轻声
po,pʰɔ˥,一声 (阴平)
po,pʰɔ˧˥,二声 (阳平)
po,pʰɔ˨˩˦,三声 (上声)
po,pʰɔ˥˩,四声 (去声)
po,"pʰɔ (ə (短促, 无固定调))",轻声
pe,pʰɤ˥,一声 (阴平)
pe,pʰɤ˧˥,二声 (阳平)
pe,pʰɤ˨˩˦,三声 (上声)
pe,pʰɤ˥˩,四声 (去声)
pe,"pʰɤ (ə (短促, 无固定调))",轻声
pi,pʰi˥,一声 (阴平)
pi,pʰi˧˥,二声 (阳平)
pi,pʰi˨˩˦,三声 (上声)
pi,pʰi˥˩,四声 (去声)
pi,"pʰi (ə (短促, 无固定调))",轻声
pu,pʰu˥,一声 (阴平)
pu,pʰu˧˥,二声 (阳平)
pu,pʰu˨˩˦,三声 (上声)
pu,pʰu˥˩,四声 (去声)
pu,"pʰu (ə (短促, 无固定调))",轻声
pü,pʰy˥,一声 (阴平)
pü,pʰy˧˥,二声 (阳平)
pü,pʰy˨˩˦,三声 (上声)
pü,pʰy˥˩,四声 (去声)
pü,"pʰy (ə (短促, 无固定调))",轻声
pai,pʰai̯˥,一声 (阴平)
pai,pʰai̯˧˥,二声 (阳平)
pai,pʰai̯˨˩˦,三声 (上声)
pai,pʰai̯˥˩,四声 (去声)
pai,"pʰai̯ (ə (短促, 无固定调))",轻声
pei,pʰei̯˥,一声 (阴平)
pei,pʰei̯˧˥,二声 (阳平)
pei,pʰei̯˨˩˦,三声 (上声)
pei,pʰei̯˥˩,四声 (去声)
pei,"pʰei̯ (ə (短促, 无固定调))",轻声
pao,pʰau̯˥,一声 (阴平)
pao,pʰau̯˧˥,二声 (阳平)
pao,pʰau̯˨˩˦,三声 (上声)
pao,pʰau̯˥˩,四声 (去声)
pao,"pʰau̯ (ə (短促, 无固定调))",轻声
pou,pʰou̯˥,一声 (阴平)
pou,pʰou̯˧˥,二声 (阳平)
pou,pʰou̯˨˩˦,三声 (上声)
pou,pʰou̯˥˩,四声 (去声)
pou,"pʰou̯ (ə (短促, 无固定调))",轻声
pia,pʰi̯a˥,一声 (阴平)
pia,pʰi̯a˧˥,二声 (阳平)
pia,pʰi̯a˨˩˦,三声 (上声)
pia,pʰi̯a˥˩,四声 (去声)
pia,"pʰi̯a (ə (短促, 无固定调))",轻声
pie,pʰi̯ɛ˥,一声 (阴平)
pie,pʰi̯ɛ˧˥,二声 (阳平)
pie,pʰi̯ɛ˨˩˦,三声 (上声)
pie,pʰi̯ɛ˥˩,四声 (去声)
pie,"pʰi̯ɛ (ə (短促, 无固定调))",轻声
piao,pʰi̯au̯˥,一声 (阴平)
piao,pʰi̯au̯˧˥,二声 (阳平)
piao,pʰi̯au̯˨˩˦,三声 (上声)
piao,pʰi̯au̯˥˩,四声 (去声)
piao,"pʰi̯au̯ (ə (短促, 无固定调))",轻声
piu,pʰiou̯˥,一声 (阴平)
piu,pʰiou̯˧˥,二声 (阳平)
piu,pʰiou̯˨˩˦,三声 (上声)
piu,pʰiou̯˥˩,四声 (去声)
piu,"pʰiou̯ (ə (短促, 无固定调))",轻声
pua,pʰu̯a˥,一声 (阴平)
pua,pʰu̯a˧˥,二声 (阳平)
pua,pʰu̯a˨˩˦,三声 (上声)
pua,pʰu̯a˥˩,四声 (去声)
pua,"pʰu̯a (ə (短促, 无固定调))",轻声
puo,pʰu̯ɔ˥,一声 (阴平)
puo,pʰu̯ɔ˧˥,二声 (阳平)
puo,pʰu̯ɔ˨˩˦,三声 (上声)
puo,pʰu̯ɔ˥˩,四声 (去声)
puo,"pʰu̯ɔ (ə (短促, 无固定调))",轻声
puai,pʰu̯ai̯˥,一声 (阴平)
puai,pʰu̯ai̯˧˥,二声 (阳平)
puai,pʰu̯ai̯˨˩˦,三声 (上声)
puai,pʰu̯ai̯˥˩,四声 (去声)
puai,"pʰu̯ai̯ (ə (短促, 无固定调))",轻声
pui,pʰuei̯˥,一声 (阴平)
pui,pʰuei̯˧˥,二声 (阳平)
pui,pʰuei̯˨˩˦,三声 (上声)
pui,pʰuei̯˥˩,四声 (去声)
pui,"pʰuei̯ (ə (短促, 无固定调))",轻声
püe,pʰyɛ˥,一声 (阴平)
püe,pʰyɛ˧˥,二声 (阳平)
püe,pʰyɛ˨˩˦,三声 (上声)
püe,pʰyɛ˥˩,四声 (去声)
püe,"pʰyɛ (ə (短促, 无固定调))",轻声
per,pʰaɻ˥,一声 (阴平)
per,pʰaɻ˧˥,二声 (阳平)
per,pʰaɻ˨˩˦,三声 (上声)
per,pʰaɻ˥˩,四声 (去声)
per,"pʰaɻ (ə (短促, 无固定调))",轻声
pan,pʰan˥,一声 (阴平)
pan,pʰan˧˥,二声 (阳平)
pan,pʰan˨˩˦,三声 (上声)
pan,pʰan˥˩,四声 (去声)
pan,"pʰan (ə (短促, 无固定调))",轻声
pen,pʰən˥,一声 (阴平)
pen,pʰən˧˥,二声 (阳平)
pen,pʰən˨˩˦,三声 (上声)
pen,pʰən˥˩,四声 (去声)
pen,"pʰən (ə (短促, 无固定调))",轻声
pin,pʰin˥,一声 (阴平)
pin,pʰin˧˥,二声 (阳平)
pin,pʰin˨˩˦,三声 (上声)
pin,pʰin˥˩,四声 (去声)
pin,"pʰin (ə (短促, 无固定调))",轻声
pun,pʰu̯ən˥,一声 (阴平)
pun,pʰu̯ən˧˥,二声 (阳平)
pun,pʰu̯ən˨˩˦,三声 (上声)
pun,pʰu̯ən˥˩,四声 (去声)
pun,"pʰu̯ən (ə (短促, 无固定调))",轻声
pün,pʰyn˥,一声 (阴平)
pün,pʰyn˧˥,二声 (阳平)
pün,pʰyn˨˩˦,三声 (上声)
pün,pʰyn˥˩,四声 (去声)
pün,"pʰyn (ə (短促, 无固定调))",轻声
pang,pʰɑŋ˥,一声 (阴平)
pang,pʰɑŋ˧˥,二声 (阳平)
pang,pʰɑŋ˨˩˦,三声 (上声)
pang,pʰɑŋ˥˩,四声 (去声)
pang,"pʰɑŋ (ə (短促, 无固定调))",轻声
peng,pʰəŋ˥,一声 (阴平)
peng,pʰəŋ˧˥,二声 (阳平)
peng,pʰəŋ˨˩˦,三声 (上声)
peng,pʰəŋ˥˩,四声 (去声)
peng,"pʰəŋ (ə (短促, 无固定调))",轻声
ping,pʰiŋ˥,一声 (阴平)
ping,pʰiŋ˧˥,二声 (阳平)
ping,pʰiŋ˨˩˦,三声 (上声)
ping,pʰiŋ˥˩,四声 (去声)
ping,"pʰiŋ (ə (短促, 无固定调))",轻声
pong,pʰʊŋ˥,一声 (阴平)
pong,pʰʊŋ˧˥,二声 (阳平)
pong,pʰʊŋ˨˩˦,三声 (上声)
pong,pʰʊŋ˥˩,四声 (去声)
pong,"pʰʊŋ (ə (短促, 无固定调))",轻声
ma,ma˥,一声 (阴平)
ma,ma˧˥,二声 (阳平)
ma,ma˨˩˦,三声 (上声)
ma,ma˥˩,四声 (去声)
ma,"ma (ə (短促, 无固定调))",轻声
mo,mɔ˥,一声 (阴平)
mo,mɔ˧˥,二声 (阳平)
mo,mɔ˨˩˦,三声 (上声)
mo,mɔ˥˩,四声 (去声)
mo,"mɔ (ə (短促, 无固定调))",轻声
me,mɤ˥,一声 (阴平)
me,mɤ˧˥,二声 (阳平)
me,mɤ˨˩˦,三声 (上声)
me,mɤ˥˩,四声 (去声)
me,"mɤ (ə (短促, 无固定调))",轻声
mi,mi˥,一声 (阴平)
mi,mi˧˥,二声 (阳平)
mi,mi˨˩˦,三声 (上声)
mi,mi˥˩,四声 (去声)
mi,"mi (ə (短促, 无固定调))",轻声
mu,mu˥,一声 (阴平)
mu,mu˧˥,二声 (阳平)
mu,mu˨˩˦,三声 (上声)
mu,mu˥˩,四声 (去声)
mu,"mu (ə (短促, 无固定调))",轻声
mü,my˥,一声 (阴平)
mü,my˧˥,二声 (阳平)
mü,my˨˩˦,三声 (上声)
mü,my˥˩,四声 (去声)
mü,"my (ə (短促, 无固定调))",轻声
mai,mai̯˥,一声 (阴平)
mai,mai̯˧˥,二声 (阳平)
mai,mai̯˨˩˦,三声 (上声)
mai,mai̯˥˩,四声 (去声)
mai,"mai̯ (ə (短促, 无固定调))",轻声
mei,mei̯˥,一声 (阴平)
mei,mei̯˧˥,二声 (阳平)
mei,mei̯˨˩˦,三声 (上声)
mei,mei̯˥˩,四声 (去声)
mei,"mei̯ (ə (短促, 无固定调))",轻声
mao,mau̯˥,一声 (阴平)
mao,mau̯˧˥,二声 (阳平)
mao,mau̯˨˩˦,三声 (上声)
mao,mau̯˥˩,四声 (去声)
mao,"mau̯ (ə (短促, 无固定调))",轻声
mou,mou̯˥,一声 (阴平)
mou,mou̯˧˥,二声 (阳平)
mou,mou̯˨˩˦,三声 (上声)
mou,mou̯˥˩,四声 (去声)
mou,"mou̯ (ə (短促, 无固定调))",轻声
mia,mi̯a˥,一声 (阴平)
mia,mi̯a˧˥,二声 (阳平)
mia,mi̯a˨˩˦,三声 (上声)
mia,mi̯a˥˩,四声 (去声)
mia,"mi̯a (ə (短促, 无固定调))",轻声
mie,mi̯ɛ˥,一声 (阴平)
mie,mi̯ɛ˧˥,二声 (阳平)
mie,mi̯ɛ˨˩˦,三声 (上声)
mie,mi̯ɛ˥˩,四声 (去声)
mie,"mi̯ɛ (ə (短促, 无固定调))",轻声
miao,mi̯au̯˥,一声 (阴平)
miao,mi̯au̯˧˥,二声 (阳平)
miao,mi̯au̯˨˩˦,三声 (上声)
miao,mi̯au̯˥˩,四声 (去声)
miao,"mi̯au̯ (ə (短促, 无固定调))",轻声
miu,miou̯˥,一声 (阴平)
miu,miou̯˧˥,二声 (阳平)
miu,miou̯˨˩˦,三声 (上声)
miu,miou̯˥˩,四声 (去声)
miu,"miou̯ (ə (短促, 无固定调))",轻声
mua,mu̯a˥,一声 (阴平)
mua,mu̯a˧˥,二声 (阳平)
mua,mu̯a˨˩˦,三声 (上声)
mua,mu̯a˥˩,四声 (去声)
mua,"mu̯a (ə (短促, 无固定调))",轻声
muo,mu̯ɔ˥,一声 (阴平)
muo,mu̯ɔ˧˥,二声 (阳平)
muo,mu̯ɔ˨˩˦,三声 (上声)
muo,mu̯ɔ˥˩,四声 (去声)
muo,"mu̯ɔ (ə (短促, 无固定调))",轻声
muai,mu̯ai̯˥,一声 (阴平)
muai,mu̯ai̯˧˥,二声 (阳平)
muai,mu̯ai̯˨˩˦,三声 (上声)
muai,mu̯ai̯˥˩,四声 (去声)
muai,"mu̯ai̯ (ə (短促, 无固定调))",轻声
mui,muei̯˥,一声 (阴平)
mui,muei̯˧˥,二声 (阳平)
mui,muei̯˨˩˦,三声 (上声)
mui,muei̯˥˩,四声 (去声)
mui,"muei̯ (ə (短促, 无固定调))",轻声
müe,myɛ˥,一声 (阴平)
müe,myɛ˧˥,二声 (阳平)
müe,myɛ˨˩˦,三声 (上声)
müe,myɛ˥˩,四声 (去声)
müe,"myɛ (ə (短促, 无固定调))",轻声
mer,maɻ˥,一声 (阴平)
mer,maɻ˧˥,二声 (阳平)
mer,maɻ˨˩˦,三声 (上声)
mer,maɻ˥˩,四声 (去声)
mer,"maɻ (ə (短促, 无固定调))",轻声
man,man˥,一声 (阴平)
man,man˧˥,二声 (阳平)
man,man˨˩˦,三声 (上声)
man,man˥˩,四声 (去声)
man,"man (ə (短促, 无固定调))",轻声
men,mən˥,一声 (阴平)
men,mən˧˥,二声 (阳平)
men,mən˨˩˦,三声 (上声)
men,mən˥˩,四声 (去声)
men,"mən (ə (短促, 无固定调))",轻声
min,min˥,一声 (阴平)
min,min˧˥,二声 (阳平)
min,min˨˩˦,三声 (上声)
min,min˥˩,四声 (去声)
min,"min (ə (短促, 无固定调))",轻声
mun,mu̯ən˥,一声 (阴平)
mun,mu̯ən˧˥,二声 (阳平)
mun,mu̯ən˨˩˦,三声 (上声)
mun,mu̯ən˥˩,四声 (去声)
mun,"mu̯ən (ə (短促, 无固定调))",轻声
mün,myn˥,一声 (阴平)
mün,myn˧˥,二声 (阳平)
mün,myn˨˩˦,三声 (上声)
mün,myn˥˩,四声 (去声)
mün,"myn (ə (短促, 无固定调))",轻声
mang,mɑŋ˥,一声 (阴平)
mang,mɑŋ˧˥,二声 (阳平)
mang,mɑŋ˨˩˦,三声 (上声)
mang,mɑŋ˥˩,四声 (去声)
mang,"mɑŋ (ə (短促, 无固定调))",轻声
meng,məŋ˥,一声 (阴平)
meng,məŋ˧˥,二声 (阳平)
meng,məŋ˨˩˦,三声 (上声)
meng,məŋ˥˩,四声 (去声)
meng,"məŋ (ə (短促, 无固定调))",轻声
ming,miŋ˥,一声 (阴平)
ming,miŋ˧˥,二声 (阳平)
ming,miŋ˨˩˦,三声 (上声)
ming,miŋ˥˩,四声 (去声)
ming,"miŋ (ə (短促, 无固定调))",轻声
mong,mʊŋ˥,一声 (阴平)
mong,mʊŋ˧˥,二声 (阳平)
mong,mʊŋ˨˩˦,三声 (上声)
mong,mʊŋ˥˩,四声 (去声)
mong,"mʊŋ (ə (短促, 无固定调))",轻声
fa,fa˥,一声 (阴平)
fa,fa˧˥,二声 (阳平)
fa,fa˨˩˦,三声 (上声)
fa,fa˥˩,四声 (去声)
fa,"fa (ə (短促, 无固定调))",轻声
fo,fɔ˥,一声 (阴平)
fo,fɔ˧˥,二声 (阳平)
fo,fɔ˨˩˦,三声 (上声)
fo,fɔ˥˩,四声 (去声)
fo,"fɔ (ə (短促, 无固定调))",轻声
fe,fɤ˥,一声 (阴平)
fe,fɤ˧˥,二声 (阳平)
fe,fɤ˨˩˦,三声 (上声)
fe,fɤ˥˩,四声 (去声)
fe,"fɤ (ə (短促, 无固定调))",轻声
fi,fi˥,一声 (阴平)
fi,fi˧˥,二声 (阳平)
fi,fi˨˩˦,三声 (上声)
fi,fi˥˩,四声 (去声)
fi,"fi (ə (短促, 无固定调))",轻声
fu,fu˥,一声 (阴平)
fu,fu˧˥,二声 (阳平)
fu,fu˨˩˦,三声 (上声)
fu,fu˥˩,四声 (去声)
fu,"fu (ə (短促, 无固定调))",轻声
fü,fy˥,一声 (阴平)
fü,fy˧˥,二声 (阳平)
fü,fy˨˩˦,三声 (上声)
fü,fy˥˩,四声 (去声)
fü,"fy (ə (短促, 无固定调))",轻声
fai,fai̯˥,一声 (阴平)
fai,fai̯˧˥,二声 (阳平)
fai,fai̯˨˩˦,三声 (上声)
fai,fai̯˥˩,四声 (去声)
fai,"fai̯ (ə (短促, 无固定调))",轻声
fei,fei̯˥,一声 (阴平)
fei,fei̯˧˥,二声 (阳平)
fei,fei̯˨˩˦,三声 (上声)
fei,fei̯˥˩,四声 (去声)
fei,"fei̯ (ə (短促, 无固定调))",轻声
fao,fau̯˥,一声 (阴平)
fao,fau̯˧˥,二声 (阳平)
fao,fau̯˨˩˦,三声 (上声)
fao,fau̯˥˩,四声 (去声)
fao,"fau̯ (ə (短促, 无固定调))",轻声
fou,fou̯˥,一声 (阴平)
fou,fou̯˧˥,二声 (阳平)
fou,fou̯˨˩˦,三声 (上声)
fou,fou̯˥˩,四声 (去声)
fou,"fou̯ (ə (短促, 无固定调))",轻声
fia,fi̯a˥,一声 (阴平)
fia,fi̯a˧˥,二声 (阳平)
fia,fi̯a˨˩˦,三声 (上声)
fia,fi̯a˥˩,四声 (去声)
fia,"fi̯a (ə (短促, 无固定调))",轻声
fie,fi̯ɛ˥,一声 (阴平)
fie,fi̯ɛ˧˥,二声 (阳平)
fie,fi̯ɛ˨˩˦,三声 (上声)
fie,fi̯ɛ˥˩,四声 (去声)
fie,"fi̯ɛ (ə (短促, 无固定调))",轻声
fiao,fi̯au̯˥,一声 (阴平)
fiao,fi̯au̯˧˥,二声 (阳平)
fiao,fi̯au̯˨˩˦,三声 (上声)
fiao,fi̯au̯˥˩,四声 (去声)
fiao,"fi̯au̯ (ə (短促, 无固定调))",轻声
fiu,fiou̯˥,一声 (阴平)
fiu,fiou̯˧˥,二声 (阳平)
fiu,fiou̯˨˩˦,三声 (上声)
fiu,fiou̯˥˩,四声 (去声)
fiu,"fiou̯ (ə (短促, 无固定调))",轻声
fua,fu̯a˥,一声 (阴平)
fua,fu̯a˧˥,二声 (阳平)
fua,fu̯a˨˩˦,三声 (上声)
fua,fu̯a˥˩,四声 (去声)
fua,"fu̯a (ə (短促, 无固定调))",轻声
fuo,fu̯ɔ˥,一声 (阴平)
fuo,fu̯ɔ˧˥,二声 (阳平)
fuo,fu̯ɔ˨˩˦,三声 (上声)
fuo,fu̯ɔ˥˩,四声 (去声)
fuo,"fu̯ɔ (ə (短促, 无固定调))",轻声
fuai,fu̯ai̯˥,一声 (阴平)
fuai,fu̯ai̯˧˥,二声 (阳平)
fuai,fu̯ai̯˨˩˦,三声 (上声)
fuai,fu̯ai̯˥˩,四声 (去声)
fuai,"fu̯ai̯ (ə (短促, 无固定调))",轻声
fui,fuei̯˥,一声 (阴平)
fui,fuei̯˧˥,二声 (阳平)
fui,fuei̯˨˩˦,三声 (上声)
fui,fuei̯˥˩,四声 (去声)
fui,"fuei̯ (ə (短促, 无固定调))",轻声
füe,fyɛ˥,一声 (阴平)
füe,fyɛ˧˥,二声 (阳平)
füe,fyɛ˨˩˦,三声 (上声)
füe,fyɛ˥˩,四声 (去声)
füe,"fyɛ (ə (短促, 无固定调))",轻声
fer,faɻ˥,一声 (阴平)
fer,faɻ˧˥,二声 (阳平)
fer,faɻ˨˩˦,三声 (上声)
fer,faɻ˥˩,四声 (去声)
fer,"faɻ (ə (短促, 无固定调))",轻声
fan,fan˥,一声 (阴平)
fan,fan˧˥,二声 (阳平)
fan,fan˨˩˦,三声 (上声)
fan,fan˥˩,四声 (去声)
fan,"fan (ə (短促, 无固定调))",轻声
fen,fən˥,一声 (阴平)
fen,fən˧˥,二声 (阳平)
fen,fən˨˩˦,三声 (上声)
fen,fən˥˩,四声 (去声)
fen,"fən (ə (短促, 无固定调))",轻声
fin,fin˥,一声 (阴平)
fin,fin˧˥,二声 (阳平)
fin,fin˨˩˦,三声 (上声)
fin,fin˥˩,四声 (去声)
fin,"fin (ə (短促, 无固定调))",轻声
fun,fu̯ən˥,一声 (阴平)
fun,fu̯ən˧˥,二声 (阳平)
fun,fu̯ən˨˩˦,三声 (上声)
fun,fu̯ən˥˩,四声 (去声)
fun,"fu̯ən (ə (短促, 无固定调))",轻声
fün,fyn˥,一声 (阴平)
fün,fyn˧˥,二声 (阳平)
fün,fyn˨˩˦,三声 (上声)
fün,fyn˥˩,四声 (去声)
fün,"fyn (ə (短促, 无固定调))",轻声
fang,fɑŋ˥,一声 (阴平)
fang,fɑŋ˧˥,二声 (阳平)
fang,fɑŋ˨˩˦,三声 (上声)
fang,fɑŋ˥˩,四声 (去声)
fang,"fɑŋ (ə (短促, 无固定调))",轻声
feng,fəŋ˥,一声 (阴平)
feng,fəŋ˧˥,二声 (阳平)
feng,fəŋ˨˩˦,三声 (上声)
feng,fəŋ˥˩,四声 (去声)
feng,"fəŋ (ə (短促, 无固定调))",轻声
fing,fiŋ˥,一声 (阴平)
fing,fiŋ˧˥,二声 (阳平)
fing,fiŋ˨˩˦,三声 (上声)
fing,fiŋ˥˩,四声 (去声)
fing,"fiŋ (ə (短促, 无固定调))",轻声
fong,fʊŋ˥,一声 (阴平)
fong,fʊŋ˧˥,二声 (阳平)
fong,fʊŋ˨˩˦,三声 (上声)
fong,fʊŋ˥˩,四声 (去声)
fong,"fʊŋ (ə (短促, 无固定调))",轻声
da,ta˥,一声 (阴平)
da,ta˧˥,二声 (阳平)
da,ta˨˩˦,三声 (上声)
da,ta˥˩,四声 (去声)
da,"ta (ə (短促, 无固定调))",轻声
do,tɔ˥,一声 (阴平)
do,tɔ˧˥,二声 (阳平)
do,tɔ˨˩˦,三声 (上声)
do,tɔ˥˩,四声 (去声)
do,"tɔ (ə (短促, 无固定调))",轻声
de,tɤ˥,一声 (阴平)
de,tɤ˧˥,二声 (阳平)
de,tɤ˨˩˦,三声 (上声)
de,tɤ˥˩,四声 (去声)
de,"tɤ (ə (短促, 无固定调))",轻声
di,ti˥,一声 (阴平)
di,ti˧˥,二声 (阳平)
di,ti˨˩˦,三声 (上声)
di,ti˥˩,四声 (去声)
di,"ti (ə (短促, 无固定调))",轻声
du,tu˥,一声 (阴平)
du,tu˧˥,二声 (阳平)
du,tu˨˩˦,三声 (上声)
du,tu˥˩,四声 (去声)
du,"tu (ə (短促, 无固定调))",轻声
dü,ty˥,一声 (阴平)
dü,ty˧˥,二声 (阳平)
dü,ty˨˩˦,三声 (上声)
dü,ty˥˩,四声 (去声)
dü,"ty (ə (短促, 无固定调))",轻声
dai,tai̯˥,一声 (阴平)
dai,tai̯˧˥,二声 (阳平)
dai,tai̯˨˩˦,三声 (上声)
dai,tai̯˥˩,四声 (去声)
dai,"tai̯ (ə (短促, 无固定调))",轻声
dei,tei̯˥,一声 (阴平)
dei,tei̯˧˥,二声 (阳平)
dei,tei̯˨˩˦,三声 (上声)
dei,tei̯˥˩,四声 (去声)
dei,"tei̯ (ə (短促, 无固定调))",轻声
dao,tau̯˥,一声 (阴平)
dao,tau̯˧˥,二声 (阳平)
dao,tau̯˨˩˦,三声 (上声)
dao,tau̯˥˩,四声 (去声)
dao,"tau̯ (ə (短促, 无固定调))",轻声
dou,tou̯˥,一声 (阴平)
dou,tou̯˧˥,二声 (阳平)
dou,tou̯˨˩˦,三声 (上声)
dou,tou̯˥˩,四声 (去声)
dou,"tou̯ (ə (短促, 无固定调))",轻声
dia,ti̯a˥,一声 (阴平)
dia,ti̯a˧˥,二声 (阳平)
dia,ti̯a˨˩˦,三声 (上声)
dia,ti̯a˥˩,四声 (去声)
dia,"ti̯a (ə (短促, 无固定调))",轻声
die,ti̯ɛ˥,一声 (阴平)
die,ti̯ɛ˧˥,二声 (阳平)
die,ti̯ɛ˨˩˦,三声 (上声)
die,ti̯ɛ˥˩,四声 (去声)
die,"ti̯ɛ (ə (短促, 无固定调))",轻声
diao,ti̯au̯˥,一声 (阴平)
diao,ti̯au̯˧˥,二声 (阳平)
diao,ti̯au̯˨˩˦,三声 (上声)
diao,ti̯au̯˥˩,四声 (去声)
diao,"ti̯au̯ (ə (短促, 无固定调))",轻声
diu,tiou̯˥,一声 (阴平)
diu,tiou̯˧˥,二声 (阳平)
diu,tiou̯˨˩˦,三声 (上声)
diu,tiou̯˥˩,四声 (去声)
diu,"tiou̯ (ə (短促, 无固定调))",轻声
dua,tu̯a˥,一声 (阴平)
dua,tu̯a˧˥,二声 (阳平)
dua,tu̯a˨˩˦,三声 (上声)
dua,tu̯a˥˩,四声 (去声)
dua,"tu̯a (ə (短促, 无固定调))",轻声
duo,tu̯ɔ˥,一声 (阴平)
duo,tu̯ɔ˧˥,二声 (阳平)
duo,tu̯ɔ˨˩˦,三声 (上声)
duo,tu̯ɔ˥˩,四声 (去声)
duo,"tu̯ɔ (ə (短促, 无固定调))",轻声
duai,tu̯ai̯˥,一声 (阴平)
duai,tu̯ai̯˧˥,二声 (阳平)
duai,tu̯ai̯˨˩˦,三声 (上声)
duai,tu̯ai̯˥˩,四声 (去声)
duai,"tu̯ai̯ (ə (短促, 无固定调))",轻声
dui,tuei̯˥,一声 (阴平)
dui,tuei̯˧˥,二声 (阳平)
dui,tuei̯˨˩˦,三声 (上声)
dui,tuei̯˥˩,四声 (去声)
dui,"tuei̯ (ə (短促, 无固定调))",轻声
düe,tyɛ˥,一声 (阴平)
düe,tyɛ˧˥,二声 (阳平)
düe,tyɛ˨˩˦,三声 (上声)
düe,tyɛ˥˩,四声 (去声)
düe,"tyɛ (ə (短促, 无固定调))",轻声
der,taɻ˥,一声 (阴平)
der,taɻ˧˥,二声 (阳平)
der,taɻ˨˩˦,三声 (上声)
der,taɻ˥˩,四声 (去声)
der,"taɻ (ə (短促, 无固定调))",轻声
dan,tan˥,一声 (阴平)
dan,tan˧˥,二声 (阳平)
dan,tan˨˩˦,三声 (上声)
dan,tan˥˩,四声 (去声)
dan,"tan (ə (短促, 无固定调))",轻声
den,tən˥,一声 (阴平)
den,tən˧˥,二声 (阳平)
den,tən˨˩˦,三声 (上声)
den,tən˥˩,四声 (去声)
den,"tən (ə (短促, 无固定调))",轻声
din,tin˥,一声 (阴平)
din,tin˧˥,二声 (阳平)
din,tin˨˩˦,三声 (上声)
din,tin˥˩,四声 (去声)
din,"tin (ə (短促, 无固定调))",轻声
dun,tu̯ən˥,一声 (阴平)
dun,tu̯ən˧˥,二声 (阳平)
dun,tu̯ən˨˩˦,三声 (上声)
dun,tu̯ən˥˩,四声 (去声)
dun,"tu̯ən (ə (短促, 无固定调))",轻声
dün,tyn˥,一声 (阴平)
dün,tyn˧˥,二声 (阳平)
dün,tyn˨˩˦,三声 (上声)
dün,tyn˥˩,四声 (去声)
dün,"tyn (ə (短促, 无固定调))",轻声
dang,tɑŋ˥,一声 (阴平)
dang,tɑŋ˧˥,二声 (阳平)
dang,tɑŋ˨˩˦,三声 (上声)
dang,tɑŋ˥˩,四声 (去声)
dang,"tɑŋ (ə (短促, 无固定调))",轻声
deng,təŋ˥,一声 (阴平)
deng,təŋ˧˥,二声 (阳平)
deng,təŋ˨˩˦,三声 (上声)
deng,təŋ˥˩,四声 (去声)
deng,"təŋ (ə (短促, 无固定调))",轻声
ding,tiŋ˥,一声 (阴平)
ding,tiŋ˧˥,二声 (阳平)
ding,tiŋ˨˩˦,三声 (上声)
ding,tiŋ˥˩,四声 (去声)
ding,"tiŋ (ə (短促, 无固定调))",轻声
dong,tʊŋ˥,一声 (阴平)
dong,tʊŋ˧˥,二声 (阳平)
dong,tʊŋ˨˩˦,三声 (上声)
dong,tʊŋ˥˩,四声 (去声)
dong,"tʊŋ (ə (短促, 无固定调))",轻声
ta,tʰa˥,一声 (阴平)
ta,tʰa˧˥,二声 (阳平)
ta,tʰa˨˩˦,三声 (上声)
ta,tʰa˥˩,四声 (去声)
ta,"tʰa (ə (短促, 无固定调))",轻声
to,tʰɔ˥,一声 (阴平)
to,tʰɔ˧˥,二声 (阳平)
to,tʰɔ˨˩˦,三声 (上声)
to,tʰɔ˥˩,四声 (去声)
to,"tʰɔ (ə (短促, 无固定调))",轻声
te,tʰɤ˥,一声 (阴平)
te,tʰɤ˧˥,二声 (阳平)
te,tʰɤ˨˩˦,三声 (上声)
te,tʰɤ˥˩,四声 (去声)
te,"tʰɤ (ə (短促, 无固定调))",轻声
ti,tʰi˥,一声 (阴平)
ti,tʰi˧˥,二声 (阳平)
ti,tʰi˨˩˦,三声 (上声)
ti,tʰi˥˩,四声 (去声)
ti,"tʰi (ə (短促, 无固定调))",轻声
tu,tʰu˥,一声 (阴平)
tu,tʰu˧˥,二声 (阳平)
tu,tʰu˨˩˦,三声 (上声)
tu,tʰu˥˩,四声 (去声)
tu,"tʰu (ə (短促, 无固定调))",轻声
tü,tʰy˥,一声 (阴平)
tü,tʰy˧˥,二声 (阳平)
tü,tʰy˨˩˦,三声 (上声)
tü,tʰy˥˩,四声 (去声)
tü,"tʰy (ə (短促, 无固定调))",轻声
tai,tʰai̯˥,一声 (阴平)
tai,tʰai̯˧˥,二声 (阳平)
tai,tʰai̯˨˩˦,三声 (上声)
tai,tʰai̯˥˩,四声 (去声)
tai,"tʰai̯ (ə (短促, 无固定调))",轻声
tei,tʰei̯˥,一声 (阴平)
tei,tʰei̯˧˥,二声 (阳平)
tei,tʰei̯˨˩˦,三声 (上声)
tei,tʰei̯˥˩,四声 (去声)
tei,"tʰei̯ (ə (短促, 无固定调))",轻声
tao,tʰau̯˥,一声 (阴平)
tao,tʰau̯˧˥,二声 (阳平)
tao,tʰau̯˨˩˦,三声 (上声)
tao,tʰau̯˥˩,四声 (去声)
tao,"tʰau̯ (ə (短促, 无固定调))",轻声
tou,tʰou̯˥,一声 (阴平)
tou,tʰou̯˧˥,二声 (阳平)
tou,tʰou̯˨˩˦,三声 (上声)
tou,tʰou̯˥˩,四声 (去声)
tou,"tʰou̯ (ə (短促, 无固定调))",轻声
tia,tʰi̯a˥,一声 (阴平)
tia,tʰi̯a˧˥,二声 (阳平)
tia,tʰi̯a˨˩˦,三声 (上声)
tia,tʰi̯a˥˩,四声 (去声)
tia,"tʰi̯a (ə (短促, 无固定调))",轻声
tie,tʰi̯ɛ˥,一声 (阴平)
tie,tʰi̯ɛ˧˥,二声 (阳平)
tie,tʰi̯ɛ˨˩˦,三声 (上声)
tie,tʰi̯ɛ˥˩,四声 (去声)
tie,"tʰi̯ɛ (ə (短促, 无固定调))",轻声
tiao,tʰi̯au̯˥,一声 (阴平)
tiao,tʰi̯au̯˧˥,二声 (阳平)
tiao,tʰi̯au̯˨˩˦,三声 (上声)
tiao,tʰi̯au̯˥˩,四声 (去声)
tiao,"tʰi̯au̯ (ə (短促, 无固定调))",轻声
tiu,tʰiou̯˥,一声 (阴平)
tiu,tʰiou̯˧˥,二声 (阳平)
tiu,tʰiou̯˨˩˦,三声 (上声)
tiu,tʰiou̯˥˩,四声 (去声)
tiu,"tʰiou̯ (ə (短促, 无固定调))",轻声
tua,tʰu̯a˥,一声 (阴平)
tua,tʰu̯a˧˥,二声 (阳平)
tua,tʰu̯a˨˩˦,三声 (上声)
tua,tʰu̯a˥˩,四声 (去声)
tua,"tʰu̯a (ə (短促, 无固定调))",轻声
tuo,tʰu̯ɔ˥,一声 (阴平)
tuo,tʰu̯ɔ˧˥,二声 (阳平)
tuo,tʰu̯ɔ˨˩˦,三声 (上声)
tuo,tʰu̯ɔ˥˩,四声 (去声)
tuo,"tʰu̯ɔ (ə (短促, 无固定调))",轻声
tuai,tʰu̯ai̯˥,一声 (阴平)
tuai,tʰu̯ai̯˧˥,二声 (阳平)
tuai,tʰu̯ai̯˨˩˦,三声 (上声)
tuai,tʰu̯ai̯˥˩,四声 (去声)
tuai,"tʰu̯ai̯ (ə (短促, 无固定调))",轻声
tui,tʰuei̯˥,一声 (阴平)
tui,tʰuei̯˧˥,二声 (阳平)
tui,tʰuei̯˨˩˦,三声 (上声)
tui,tʰuei̯˥˩,四声 (去声)
tui,"tʰuei̯ (ə (短促, 无固定调))",轻声
tüe,tʰyɛ˥,一声 (阴平)
tüe,tʰyɛ˧˥,二声 (阳平)
tüe,tʰyɛ˨˩˦,三声 (上声)
tüe,tʰyɛ˥˩,四声 (去声)
tüe,"tʰyɛ (ə (短促, 无固定调))",轻声
ter,tʰaɻ˥,一声 (阴平)
ter,tʰaɻ˧˥,二声 (阳平)
ter,tʰaɻ˨˩˦,三声 (上声)
ter,tʰaɻ˥˩,四声 (去声)
ter,"tʰaɻ (ə (短促, 无固定调))",轻声
tan,tʰan˥,一声 (阴平)
tan,tʰan˧˥,二声 (阳平)
tan,tʰan˨˩˦,三声 (上声)
tan,tʰan˥˩,四声 (去声)
tan,"tʰan (ə (短促, 无固定调))",轻声
ten,tʰən˥,一声 (阴平)
ten,tʰən˧˥,二声 (阳平)
ten,tʰən˨˩˦,三声 (上声)
ten,tʰən˥˩,四声 (去声)
ten,"tʰən (ə (短促, 无固定调))",轻声
tin,tʰin˥,一声 (阴平)
tin,tʰin˧˥,二声 (阳平)
tin,tʰin˨˩˦,三声 (上声)
tin,tʰin˥˩,四声 (去声)
tin,"tʰin (ə (短促, 无固定调))",轻声
tun,tʰu̯ən˥,一声 (阴平)
tun,tʰu̯ən˧˥,二声 (阳平)
tun,tʰu̯ən˨˩˦,三声 (上声)
tun,tʰu̯ən˥˩,四声 (去声)
tun,"tʰu̯ən (ə (短促, 无固定调))",轻声
tün,tʰyn˥,一声 (阴平)
tün,tʰyn˧˥,二声 (阳平)
tün,tʰyn˨˩˦,三声 (上声)
tün,tʰyn˥˩,四声 (去声)
tün,"tʰyn (ə (短促, 无固定调))",轻声
tang,tʰɑŋ˥,一声 (阴平)
tang,tʰɑŋ˧˥,二声 (阳平)
tang,tʰɑŋ˨˩˦,三声 (上声)
tang,tʰɑŋ˥˩,四声 (去声)
tang,"tʰɑŋ (ə (短促, 无固定调))",轻声
teng,tʰəŋ˥,一声 (阴平)
teng,tʰəŋ˧˥,二声 (阳平)
teng,tʰəŋ˨˩˦,三声 (上声)
teng,tʰəŋ˥˩,四声 (去声)
teng,"tʰəŋ (ə (短促, 无固定调))",轻声
ting,tʰiŋ˥,一声 (阴平)
ting,tʰiŋ˧˥,二声 (阳平)
ting,tʰiŋ˨˩˦,三声 (上声)
ting,tʰiŋ˥˩,四声 (去声)
ting,"tʰiŋ (ə (短促, 无固定调))",轻声
tong,tʰʊŋ˥,一声 (阴平)
tong,tʰʊŋ˧˥,二声 (阳平)
tong,tʰʊŋ˨˩˦,三声 (上声)
tong,tʰʊŋ˥˩,四声 (去声)
tong,"tʰʊŋ (ə (短促, 无固定调))",轻声
na,na˥,一声 (阴平)
na,na˧˥,二声 (阳平)
na,na˨˩˦,三声 (上声)
na,na˥˩,四声 (去声)
na,"na (ə (短促, 无固定调))",轻声
no,nɔ˥,一声 (阴平)
no,nɔ˧˥,二声 (阳平)
no,nɔ˨˩˦,三声 (上声)
no,nɔ˥˩,四声 (去声)
no,"nɔ (ə (短促, 无固定调))",轻声
ne,nɤ˥,一声 (阴平)
ne,nɤ˧˥,二声 (阳平)
ne,nɤ˨˩˦,三声 (上声)
ne,nɤ˥˩,四声 (去声)
ne,"nɤ (ə (短促, 无固定调))",轻声
ni,ni˥,一声 (阴平)
ni,ni˧˥,二声 (阳平)
ni,ni˨˩˦,三声 (上声)
ni,ni˥˩,四声 (去声)
ni,"ni (ə (短促, 无固定调))",轻声
nu,nu˥,一声 (阴平)
nu,nu˧˥,二声 (阳平)
nu,nu˨˩˦,三声 (上声)
nu,nu˥˩,四声 (去声)
nu,"nu (ə (短促, 无固定调))",轻声
nü,ny˥,一声 (阴平)
nü,ny˧˥,二声 (阳平)
nü,ny˨˩˦,三声 (上声)
nü,ny˥˩,四声 (去声)
nü,"ny (ə (短促, 无固定调))",轻声
nai,nai̯˥,一声 (阴平)
nai,nai̯˧˥,二声 (阳平)
nai,nai̯˨˩˦,三声 (上声)
nai,nai̯˥˩,四声 (去声)
nai,"nai̯ (ə (短促, 无固定调))",轻声
nei,nei̯˥,一声 (阴平)
nei,nei̯˧˥,二声 (阳平)
nei,nei̯˨˩˦,三声 (上声)
nei,nei̯˥˩,四声 (去声)
nei,"nei̯ (ə (短促, 无固定调))",轻声
nao,nau̯˥,一声 (阴平)
nao,nau̯˧˥,二声 (阳平)
nao,nau̯˨˩˦,三声 (上声)
nao,nau̯˥˩,四声 (去声)
nao,"nau̯ (ə (短促, 无固定调))",轻声
nou,nou̯˥,一声 (阴平)
nou,nou̯˧˥,二声 (阳平)
nou,nou̯˨˩˦,三声 (上声)
nou,nou̯˥˩,四声 (去声)
nou,"nou̯ (ə (短促, 无固定调))",轻声
nia,ni̯a˥,一声 (阴平)
nia,ni̯a˧˥,二声 (阳平)
nia,ni̯a˨˩˦,三声 (上声)
nia,ni̯a˥˩,四声 (去声)
nia,"ni̯a (ə (短促, 无固定调))",轻声
nie,ni̯ɛ˥,一声 (阴平)
nie,ni̯ɛ˧˥,二声 (阳平)
nie,ni̯ɛ˨˩˦,三声 (上声)
nie,ni̯ɛ˥˩,四声 (去声)
nie,"ni̯ɛ (ə (短促, 无固定调))",轻声
niao,ni̯au̯˥,一声 (阴平)
niao,ni̯au̯˧˥,二声 (阳平)
niao,ni̯au̯˨˩˦,三声 (上声)
niao,ni̯au̯˥˩,四声 (去声)
niao,"ni̯au̯ (ə (短促, 无固定调))",轻声
niu,niou̯˥,一声 (阴平)
niu,niou̯˧˥,二声 (阳平)
niu,niou̯˨˩˦,三声 (上声)
niu,niou̯˥˩,四声 (去声)
niu,"niou̯ (ə (短促, 无固定调))",轻声
nua,nu̯a˥,一声 (阴平)
nua,nu̯a˧˥,二声 (阳平)
nua,nu̯a˨˩˦,三声 (上声)
nua,nu̯a˥˩,四声 (去声)
nua,"nu̯a (ə (短促, 无固定调))",轻声
nuo,nu̯ɔ˥,一声 (阴平)
nuo,nu̯ɔ˧˥,二声 (阳平)
nuo,nu̯ɔ˨˩˦,三声 (上声)
nuo,nu̯ɔ˥˩,四声 (去声)
nuo,"nu̯ɔ (ə (短促, 无固定调))",轻声
nuai,nu̯ai̯˥,一声 (阴平)
nuai,nu̯ai̯˧˥,二声 (阳平)
nuai,nu̯ai̯˨˩˦,三声 (上声)
nuai,nu̯ai̯˥˩,四声 (去声)
nuai,"nu̯ai̯ (ə (短促, 无固定调))",轻声
nui,nuei̯˥,一声 (阴平)
nui,nuei̯˧˥,二声 (阳平)
nui,nuei̯˨˩˦,三声 (上声)
nui,nuei̯˥˩,四声 (去声)
nui,"nuei̯ (ə (短促, 无固定调))",轻声
nüe,nyɛ˥,一声 (阴平)
nüe,nyɛ˧˥,二声 (阳平)
nüe,nyɛ˨˩˦,三声 (上声)
nüe,nyɛ˥˩,四声 (去声)
nüe,"nyɛ (ə (短促, 无固定调))",轻声
ner,naɻ˥,一声 (阴平)
ner,naɻ˧˥,二声 (阳平)
ner,naɻ˨˩˦,三声 (上声)
ner,naɻ˥˩,四声 (去声)
ner,"naɻ (ə (短促, 无固定调))",轻声
nan,nan˥,一声 (阴平)
nan,nan˧˥,二声 (阳平)
nan,nan˨˩˦,三声 (上声)
nan,nan˥˩,四声 (去声)
nan,"nan (ə (短促, 无固定调))",轻声
nen,nən˥,一声 (阴平)
nen,nən˧˥,二声 (阳平)
nen,nən˨˩˦,三声 (上声)
nen,nən˥˩,四声 (去声)
nen,"nən (ə (短促, 无固定调))",轻声
nin,nin˥,一声 (阴平)
nin,nin˧˥,二声 (阳平)
nin,nin˨˩˦,三声 (上声)
nin,nin˥˩,四声 (去声)
nin,"nin (ə (短促, 无固定调))",轻声
nun,nu̯ən˥,一声 (阴平)
nun,nu̯ən˧˥,二声 (阳平)
nun,nu̯ən˨˩˦,三声 (上声)
nun,nu̯ən˥˩,四声 (去声)
nun,"nu̯ən (ə (短促, 无固定调))",轻声
nün,nyn˥,一声 (阴平)
nün,nyn˧˥,二声 (阳平)
nün,nyn˨˩˦,三声 (上声)
nün,nyn˥˩,四声 (去声)
nün,"nyn (ə (短促, 无固定调))",轻声
nang,nɑŋ˥,一声 (阴平)
nang,nɑŋ˧˥,二声 (阳平)
nang,nɑŋ˨˩˦,三声 (上声)
nang,nɑŋ˥˩,四声 (去声)
nang,"nɑŋ (ə (短促, 无固定调))",轻声
neng,nəŋ˥,一声 (阴平)
neng,nəŋ˧˥,二声 (阳平)
neng,nəŋ˨˩˦,三声 (上声)
neng,nəŋ˥˩,四声 (去声)
neng,"nəŋ (ə (短促, 无固定调))",轻声
ning,niŋ˥,一声 (阴平)
ning,niŋ˧˥,二声 (阳平)
ning,niŋ˨˩˦,三声 (上声)
ning,niŋ˥˩,四声 (去声)
ning,"niŋ (ə (短促, 无固定调))",轻声
nong,nʊŋ˥,一声 (阴平)
nong,nʊŋ˧˥,二声 (阳平)
nong,nʊŋ˨˩˦,三声 (上声)
nong,nʊŋ˥˩,四声 (去声)
nong,"nʊŋ (ə (短促, 无固定调))",轻声
la,la˥,一声 (阴平)
la,la˧˥,二声 (阳平)
la,la˨˩˦,三声 (上声)
la,la˥˩,四声 (去声)
la,"la (ə (短促, 无固定调))",轻声
lo,lɔ˥,一声 (阴平)
lo,lɔ˧˥,二声 (阳平)
lo,lɔ˨˩˦,三声 (上声)
lo,lɔ˥˩,四声 (去声)
lo,"lɔ (ə (短促, 无固定调))",轻声
le,lɤ˥,一声 (阴平)
le,lɤ˧˥,二声 (阳平)
le,lɤ˨˩˦,三声 (上声)
le,lɤ˥˩,四声 (去声)
le,"lɤ (ə (短促, 无固定调))",轻声
li,li˥,一声 (阴平)
li,li˧˥,二声 (阳平)
li,li˨˩˦,三声 (上声)
li,li˥˩,四声 (去声)
li,"li (ə (短促, 无固定调))",轻声
lu,lu˥,一声 (阴平)
lu,lu˧˥,二声 (阳平)
lu,lu˨˩˦,三声 (上声)
lu,lu˥˩,四声 (去声)
lu,"lu (ə (短促, 无固定调))",轻声
lü,ly˥,一声 (阴平)
lü,ly˧˥,二声 (阳平)
lü,ly˨˩˦,三声 (上声)
lü,ly˥˩,四声 (去声)
lü,"ly (ə (短促, 无固定调))",轻声
lai,lai̯˥,一声 (阴平)
lai,lai̯˧˥,二声 (阳平)
lai,lai̯˨˩˦,三声 (上声)
lai,lai̯˥˩,四声 (去声)
lai,"lai̯ (ə (短促, 无固定调))",轻声
lei,lei̯˥,一声 (阴平)
lei,lei̯˧˥,二声 (阳平)
lei,lei̯˨˩˦,三声 (上声)
lei,lei̯˥˩,四声 (去声)
lei,"lei̯ (ə (短促, 无固定调))",轻声
lao,lau̯˥,一声 (阴平)
lao,lau̯˧˥,二声 (阳平)
lao,lau̯˨˩˦,三声 (上声)
lao,lau̯˥˩,四声 (去声)
lao,"lau̯ (ə (短促, 无固定调))",轻声
lou,lou̯˥,一声 (阴平)
lou,lou̯˧˥,二声 (阳平)
lou,lou̯˨˩˦,三声 (上声)
lou,lou̯˥˩,四声 (去声)
lou,"lou̯ (ə (短促, 无固定调))",轻声
lia,li̯a˥,一声 (阴平)
lia,li̯a˧˥,二声 (阳平)
lia,li̯a˨˩˦,三声 (上声)
lia,li̯a˥˩,四声 (去声)
lia,"li̯a (ə (短促, 无固定调))",轻声
lie,li̯ɛ˥,一声 (阴平)
lie,li̯ɛ˧˥,二声 (阳平)
lie,li̯ɛ˨˩˦,三声 (上声)
lie,li̯ɛ˥˩,四声 (去声)
lie,"li̯ɛ (ə (短促, 无固定调))",轻声
liao,li̯au̯˥,一声 (阴平)
liao,li̯au̯˧˥,二声 (阳平)
liao,li̯au̯˨˩˦,三声 (上声)
liao,li̯au̯˥˩,四声 (去声)
liao,"li̯au̯ (ə (短促, 无固定调))",轻声
liu,liou̯˥,一声 (阴平)
liu,liou̯˧˥,二声 (阳平)
liu,liou̯˨˩˦,三声 (上声)
liu,liou̯˥˩,四声 (去声)
liu,"liou̯ (ə (短促, 无固定调))",轻声
lua,lu̯a˥,一声 (阴平)
lua,lu̯a˧˥,二声 (阳平)
lua,lu̯a˨˩˦,三声 (上声)
lua,lu̯a˥˩,四声 (去声)
lua,"lu̯a (ə (短促, 无固定调))",轻声
luo,lu̯ɔ˥,一声 (阴平)
luo,lu̯ɔ˧˥,二声 (阳平)
luo,lu̯ɔ˨˩˦,三声 (上声)
luo,lu̯ɔ˥˩,四声 (去声)
luo,"lu̯ɔ (ə (短促, 无固定调))",轻声
luai,lu̯ai̯˥,一声 (阴平)
luai,lu̯ai̯˧˥,二声 (阳平)
luai,lu̯ai̯˨˩˦,三声 (上声)
luai,lu̯ai̯˥˩,四声 (去声)
luai,"lu̯ai̯ (ə (短促, 无固定调))",轻声
lui,luei̯˥,一声 (阴平)
lui,luei̯˧˥,二声 (阳平)
lui,luei̯˨˩˦,三声 (上声)
lui,luei̯˥˩,四声 (去声)
lui,"luei̯ (ə (短促, 无固定调))",轻声
lüe,lyɛ˥,一声 (阴平)
lüe,lyɛ˧˥,二声 (阳平)
lüe,lyɛ˨˩˦,三声 (上声)
lüe,lyɛ˥˩,四声 (去声)
lüe,"lyɛ (ə (短促, 无固定调))",轻声
ler,laɻ˥,一声 (阴平)
ler,laɻ˧˥,二声 (阳平)
ler,laɻ˨˩˦,三声 (上声)
ler,laɻ˥˩,四声 (去声)
ler,"laɻ (ə (短促, 无固定调))",轻声
lan,lan˥,一声 (阴平)
lan,lan˧˥,二声 (阳平)
lan,lan˨˩˦,三声 (上声)
lan,lan˥˩,四声 (去声)
lan,"lan (ə (短促, 无固定调))",轻声
len,lən˥,一声 (阴平)
len,lən˧˥,二声 (阳平)
len,lən˨˩˦,三声 (上声)
len,lən˥˩,四声 (去声)
len,"lən (ə (短促, 无固定调))",轻声
lin,lin˥,一声 (阴平)
lin,lin˧˥,二声 (阳平)
lin,lin˨˩˦,三声 (上声)
lin,lin˥˩,四声 (去声)
lin,"lin (ə (短促, 无固定调))",轻声
lun,lu̯ən˥,一声 (阴平)
lun,lu̯ən˧˥,二声 (阳平)
lun,lu̯ən˨˩˦,三声 (上声)
lun,lu̯ən˥˩,四声 (去声)
lun,"lu̯ən (ə (短促, 无固定调))",轻声
lün,lyn˥,一声 (阴平)
lün,lyn˧˥,二声 (阳平)
lün,lyn˨˩˦,三声 (上声)
lün,lyn˥˩,四声 (去声)
lün,"lyn (ə (短促, 无固定调))",轻声
lang,lɑŋ˥,一声 (阴平)
lang,lɑŋ˧˥,二声 (阳平)
lang,lɑŋ˨˩˦,三声 (上声)
lang,lɑŋ˥˩,四声 (去声)
lang,"lɑŋ (ə (短促, 无固定调))",轻声
leng,ləŋ˥,一声 (阴平)
leng,ləŋ˧˥,二声 (阳平)
leng,ləŋ˨˩˦,三声 (上声)
leng,ləŋ˥˩,四声 (去声)
leng,"ləŋ (ə (短促, 无固定调))",轻声
ling,liŋ˥,一声 (阴平)
ling,liŋ˧˥,二声 (阳平)
ling,liŋ˨˩˦,三声 (上声)
ling,liŋ˥˩,四声 (去声)
ling,"liŋ (ə (短促, 无固定调))",轻声
long,lʊŋ˥,一声 (阴平)
long,lʊŋ˧˥,二声 (阳平)
long,lʊŋ˨˩˦,三声 (上声)
long,lʊŋ˥˩,四声 (去声)
long,"lʊŋ (ə (短促, 无固定调))",轻声
ga,ka˥,一声 (阴平)
ga,ka˧˥,二声 (阳平)
ga,ka˨˩˦,三声 (上声)
ga,ka˥˩,四声 (去声)
ga,"ka (ə (短促, 无固定调))",轻声
go,kɔ˥,一声 (阴平)
go,kɔ˧˥,二声 (阳平)
go,kɔ˨˩˦,三声 (上声)
go,kɔ˥˩,四声 (去声)
go,"kɔ (ə (短促, 无固定调))",轻声
ge,kɤ˥,一声 (阴平)
ge,kɤ˧˥,二声 (阳平)
ge,kɤ˨˩˦,三声 (上声)
ge,kɤ˥˩,四声 (去声)
ge,"kɤ (ə (短促, 无固定调))",轻声
gi,ki˥,一声 (阴平)
gi,ki˧˥,二声 (阳平)
gi,ki˨˩˦,三声 (上声)
gi,ki˥˩,四声 (去声)
gi,"ki (ə (短促, 无固定调))",轻声
gu,ku˥,一声 (阴平)
gu,ku˧˥,二声 (阳平)
gu,ku˨˩˦,三声 (上声)
gu,ku˥˩,四声 (去声)
gu,"ku (ə (短促, 无固定调))",轻声
gü,ky˥,一声 (阴平)
gü,ky˧˥,二声 (阳平)
gü,ky˨˩˦,三声 (上声)
gü,ky˥˩,四声 (去声)
gü,"ky (ə (短促, 无固定调))",轻声
gai,kai̯˥,一声 (阴平)
gai,kai̯˧˥,二声 (阳平)
gai,kai̯˨˩˦,三声 (上声)
gai,kai̯˥˩,四声 (去声)
gai,"kai̯ (ə (短促, 无固定调))",轻声
gei,kei̯˥,一声 (阴平)
gei,kei̯˧˥,二声 (阳平)
gei,kei̯˨˩˦,三声 (上声)
gei,kei̯˥˩,四声 (去声)
gei,"kei̯ (ə (短促, 无固定调))",轻声
gao,kau̯˥,一声 (阴平)
gao,kau̯˧˥,二声 (阳平)
gao,kau̯˨˩˦,三声 (上声)
gao,kau̯˥˩,四声 (去声)
gao,"kau̯ (ə (短促, 无固定调))",轻声
gou,kou̯˥,一声 (阴平)
gou,kou̯˧˥,二声 (阳平)
gou,kou̯˨˩˦,三声 (上声)
gou,kou̯˥˩,四声 (去声)
gou,"kou̯ (ə (短促, 无固定调))",轻声
gia,ki̯a˥,一声 (阴平)
gia,ki̯a˧˥,二声 (阳平)
gia,ki̯a˨˩˦,三声 (上声)
gia,ki̯a˥˩,四声 (去声)
gia,"ki̯a (ə (短促, 无固定调))",轻声
gie,ki̯ɛ˥,一声 (阴平)
gie,ki̯ɛ˧˥,二声 (阳平)
gie,ki̯ɛ˨˩˦,三声 (上声)
gie,ki̯ɛ˥˩,四声 (去声)
gie,"ki̯ɛ (ə (短促, 无固定调))",轻声
giao,ki̯au̯˥,一声 (阴平)
giao,ki̯au̯˧˥,二声 (阳平)
giao,ki̯au̯˨˩˦,三声 (上声)
giao,ki̯au̯˥˩,四声 (去声)
giao,"ki̯au̯ (ə (短促, 无固定调))",轻声
giu,kiou̯˥,一声 (阴平)
giu,kiou̯˧˥,二声 (阳平)
giu,kiou̯˨˩˦,三声 (上声)
giu,kiou̯˥˩,四声 (去声)
giu,"kiou̯ (ə (短促, 无固定调))",轻声
gua,ku̯a˥,一声 (阴平)
gua,ku̯a˧˥,二声 (阳平)
gua,ku̯a˨˩˦,三声 (上声)
gua,ku̯a˥˩,四声 (去声)
gua,"ku̯a (ə (短促, 无固定调))",轻声
guo,ku̯ɔ˥,一声 (阴平)
guo,ku̯ɔ˧˥,二声 (阳平)
guo,ku̯ɔ˨˩˦,三声 (上声)
guo,ku̯ɔ˥˩,四声 (去声)
guo,"ku̯ɔ (ə (短促, 无固定调))",轻声
guai,ku̯ai̯˥,一声 (阴平)
guai,ku̯ai̯˧˥,二声 (阳平)
guai,ku̯ai̯˨˩˦,三声 (上声)
guai,ku̯ai̯˥˩,四声 (去声)
guai,"ku̯ai̯ (ə (短促, 无固定调))",轻声
gui,kuei̯˥,一声 (阴平)
gui,kuei̯˧˥,二声 (阳平)
gui,kuei̯˨˩˦,三声 (上声)
gui,kuei̯˥˩,四声 (去声)
gui,"kuei̯ (ə (短促, 无固定调))",轻声
güe,kyɛ˥,一声 (阴平)
güe,kyɛ˧˥,二声 (阳平)
güe,kyɛ˨˩˦,三声 (上声)
güe,kyɛ˥˩,四声 (去声)
güe,"kyɛ (ə (短促, 无固定调))",轻声
ger,kaɻ˥,一声 (阴平)
ger,kaɻ˧˥,二声 (阳平)
ger,kaɻ˨˩˦,三声 (上声)
ger,kaɻ˥˩,四声 (去声)
ger,"kaɻ (ə (短促, 无固定调))",轻声
gan,kan˥,一声 (阴平)
gan,kan˧˥,二声 (阳平)
gan,kan˨˩˦,三声 (上声)
gan,kan˥˩,四声 (去声)
gan,"kan (ə (短促, 无固定调))",轻声
gen,kən˥,一声 (阴平)
gen,kən˧˥,二声 (阳平)
gen,kən˨˩˦,三声 (上声)
gen,kən˥˩,四声 (去声)
gen,"kən (ə (短促, 无固定调))",轻声
gin,kin˥,一声 (阴平)
gin,kin˧˥,二声 (阳平)
gin,kin˨˩˦,三声 (上声)
gin,kin˥˩,四声 (去声)
gin,"kin (ə (短促, 无固定调))",轻声
gun,ku̯ən˥,一声 (阴平)
gun,ku̯ən˧˥,二声 (阳平)
gun,ku̯ən˨˩˦,三声 (上声)
gun,ku̯ən˥˩,四声 (去声)
gun,"ku̯ən (ə (短促, 无固定调))",轻声
gün,kyn˥,一声 (阴平)
gün,kyn˧˥,二声 (阳平)
gün,kyn˨˩˦,三声 (上声)
gün,kyn˥˩,四声 (去声)
gün,"kyn (ə (短促, 无固定调))",轻声
gang,kɑŋ˥,一声 (阴平)
gang,kɑŋ˧˥,二声 (阳平)
gang,kɑŋ˨˩˦,三声 (上声)
gang,kɑŋ˥˩,四声 (去声)
gang,"kɑŋ (ə (短促, 无固定调))",轻声
geng,kəŋ˥,一声 (阴平)
geng,kəŋ˧˥,二声 (阳平)
geng,kəŋ˨˩˦,三声 (上声)
geng,kəŋ˥˩,四声 (去声)
geng,"kəŋ (ə (短促, 无固定调))",轻声
ging,kiŋ˥,一声 (阴平)
ging,kiŋ˧˥,二声 (阳平)
ging,kiŋ˨˩˦,三声 (上声)
ging,kiŋ˥˩,四声 (去声)
ging,"kiŋ (ə (短促, 无固定调))",轻声
gong,kʊŋ˥,一声 (阴平)
gong,kʊŋ˧˥,二声 (阳平)
gong,kʊŋ˨˩˦,三声 (上声)
gong,kʊŋ˥˩,四声 (去声)
gong,"kʊŋ (ə (短促, 无固定调))",轻声
ka,kʰa˥,一声 (阴平)
ka,kʰa˧˥,二声 (阳平)
ka,kʰa˨˩˦,三声 (上声)
ka,kʰa˥˩,四声 (去声)
ka,"kʰa (ə (短促, 无固定调))",轻声
ko,kʰɔ˥,一声 (阴平)
ko,kʰɔ˧˥,二声 (阳平)
ko,kʰɔ˨˩˦,三声 (上声)
ko,kʰɔ˥˩,四声 (去声)
ko,"kʰɔ (ə (短促, 无固定调))",轻声
ke,kʰɤ˥,一声 (阴平)
ke,kʰɤ˧˥,二声 (阳平)
ke,kʰɤ˨˩˦,三声 (上声)
ke,kʰɤ˥˩,四声 (去声)
ke,"kʰɤ (ə (短促, 无固定调))",轻声
ki,kʰi˥,一声 (阴平)
ki,kʰi˧˥,二声 (阳平)
ki,kʰi˨˩˦,三声 (上声)
ki,kʰi˥˩,四声 (去声)
ki,"kʰi (ə (短促, 无固定调))",轻声
ku,kʰu˥,一声 (阴平)
ku,kʰu˧˥,二声 (阳平)
ku,kʰu˨˩˦,三声 (上声)
ku,kʰu˥˩,四声 (去声)
ku,"kʰu (ə (短促, 无固定调))",轻声
kü,kʰy˥,一声 (阴平)
kü,kʰy˧˥,二声 (阳平)
kü,kʰy˨˩˦,三声 (上声)
kü,kʰy˥˩,四声 (去声)
kü,"kʰy (ə (短促, 无固定调))",轻声
kai,kʰai̯˥,一声 (阴平)
kai,kʰai̯˧˥,二声 (阳平)
kai,kʰai̯˨˩˦,三声 (上声)
kai,kʰai̯˥˩,四声 (去声)
kai,"kʰai̯ (ə (短促, 无固定调))",轻声
kei,kʰei̯˥,一声 (阴平)
kei,kʰei̯˧˥,二声 (阳平)
kei,kʰei̯˨˩˦,三声 (上声)
kei,kʰei̯˥˩,四声 (去声)
kei,"kʰei̯ (ə (短促, 无固定调))",轻声
kao,kʰau̯˥,一声 (阴平)
kao,kʰau̯˧˥,二声 (阳平)
kao,kʰau̯˨˩˦,三声 (上声)
kao,kʰau̯˥˩,四声 (去声)
kao,"kʰau̯ (ə (短促, 无固定调))",轻声
kou,kʰou̯˥,一声 (阴平)
kou,kʰou̯˧˥,二声 (阳平)
kou,kʰou̯˨˩˦,三声 (上声)
kou,kʰou̯˥˩,四声 (去声)
kou,"kʰou̯ (ə (短促, 无固定调))",轻声
kia,kʰi̯a˥,一声 (阴平)
kia,kʰi̯a˧˥,二声 (阳平)
kia,kʰi̯a˨˩˦,三声 (上声)
kia,kʰi̯a˥˩,四声 (去声)
kia,"kʰi̯a (ə (短促, 无固定调))",轻声
kie,kʰi̯ɛ˥,一声 (阴平)
kie,kʰi̯ɛ˧˥,二声 (阳平)
kie,kʰi̯ɛ˨˩˦,三声 (上声)
kie,kʰi̯ɛ˥˩,四声 (去声)
kie,"kʰi̯ɛ (ə (短促, 无固定调))",轻声
kiao,kʰi̯au̯˥,一声 (阴平)
kiao,kʰi̯au̯˧˥,二声 (阳平)
kiao,kʰi̯au̯˨˩˦,三声 (上声)
kiao,kʰi̯au̯˥˩,四声 (去声)
kiao,"kʰi̯au̯ (ə (短促, 无固定调))",轻声
kiu,kʰiou̯˥,一声 (阴平)
kiu,kʰiou̯˧˥,二声 (阳平)
kiu,kʰiou̯˨˩˦,三声 (上声)
kiu,kʰiou̯˥˩,四声 (去声)
kiu,"kʰiou̯ (ə (短促, 无固定调))",轻声
kua,kʰu̯a˥,一声 (阴平)
kua,kʰu̯a˧˥,二声 (阳平)
kua,kʰu̯a˨˩˦,三声 (上声)
kua,kʰu̯a˥˩,四声 (去声)
kua,"kʰu̯a (ə (短促, 无固定调))",轻声
kuo,kʰu̯ɔ˥,一声 (阴平)
kuo,kʰu̯ɔ˧˥,二声 (阳平)
kuo,kʰu̯ɔ˨˩˦,三声 (上声)
kuo,kʰu̯ɔ˥˩,四声 (去声)
kuo,"kʰu̯ɔ (ə (短促, 无固定调))",轻声
kuai,kʰu̯ai̯˥,一声 (阴平)
kuai,kʰu̯ai̯˧˥,二声 (阳平)
kuai,kʰu̯ai̯˨˩˦,三声 (上声)
kuai,kʰu̯ai̯˥˩,四声 (去声)
kuai,"kʰu̯ai̯ (ə (短促, 无固定调))",轻声
kui,kʰuei̯˥,一声 (阴平)
kui,kʰuei̯˧˥,二声 (阳平)
kui,kʰuei̯˨˩˦,三声 (上声)
kui,kʰuei̯˥˩,四声 (去声)
kui,"kʰuei̯ (ə (短促, 无固定调))",轻声
küe,kʰyɛ˥,一声 (阴平)
küe,kʰyɛ˧˥,二声 (阳平)
küe,kʰyɛ˨˩˦,三声 (上声)
küe,kʰyɛ˥˩,四声 (去声)
küe,"kʰyɛ (ə (短促, 无固定调))",轻声
ker,kʰaɻ˥,一声 (阴平)
ker,kʰaɻ˧˥,二声 (阳平)
ker,kʰaɻ˨˩˦,三声 (上声)
ker,kʰaɻ˥˩,四声 (去声)
ker,"kʰaɻ (ə (短促, 无固定调))",轻声
kan,kʰan˥,一声 (阴平)
kan,kʰan˧˥,二声 (阳平)
kan,kʰan˨˩˦,三声 (上声)
kan,kʰan˥˩,四声 (去声)
kan,"kʰan (ə (短促, 无固定调))",轻声
ken,kʰən˥,一声 (阴平)
ken,kʰən˧˥,二声 (阳平)
ken,kʰən˨˩˦,三声 (上声)
ken,kʰən˥˩,四声 (去声)
ken,"kʰən (ə (短促, 无固定调))",轻声
kin,kʰin˥,一声 (阴平)
kin,kʰin˧˥,二声 (阳平)
kin,kʰin˨˩˦,三声 (上声)
kin,kʰin˥˩,四声 (去声)
kin,"kʰin (ə (短促, 无固定调))",轻声
kun,kʰu̯ən˥,一声 (阴平)
kun,kʰu̯ən˧˥,二声 (阳平)
kun,kʰu̯ən˨˩˦,三声 (上声)
kun,kʰu̯ən˥˩,四声 (去声)
kun,"kʰu̯ən (ə (短促, 无固定调))",轻声
kün,kʰyn˥,一声 (阴平)
kün,kʰyn˧˥,二声 (阳平)
kün,kʰyn˨˩˦,三声 (上声)
kün,kʰyn˥˩,四声 (去声)
kün,"kʰyn (ə (短促, 无固定调))",轻声
kang,kʰɑŋ˥,一声 (阴平)
kang,kʰɑŋ˧˥,二声 (阳平)
kang,kʰɑŋ˨˩˦,三声 (上声)
kang,kʰɑŋ˥˩,四声 (去声)
kang,"kʰɑŋ (ə (短促, 无固定调))",轻声
keng,kʰəŋ˥,一声 (阴平)
keng,kʰəŋ˧˥,二声 (阳平)
keng,kʰəŋ˨˩˦,三声 (上声)
keng,kʰəŋ˥˩,四声 (去声)
keng,"kʰəŋ (ə (短促, 无固定调))",轻声
king,kʰiŋ˥,一声 (阴平)
king,kʰiŋ˧˥,二声 (阳平)
king,kʰiŋ˨˩˦,三声 (上声)
king,kʰiŋ˥˩,四声 (去声)
king,"kʰiŋ (ə (短促, 无固定调))",轻声
kong,kʰʊŋ˥,一声 (阴平)
kong,kʰʊŋ˧˥,二声 (阳平)
kong,kʰʊŋ˨˩˦,三声 (上声)
kong,kʰʊŋ˥˩,四声 (去声)
kong,"kʰʊŋ (ə (短促, 无固定调))",轻声
ha,xa˥,一声 (阴平)
ha,xa˧˥,二声 (阳平)
ha,xa˨˩˦,三声 (上声)
ha,xa˥˩,四声 (去声)
ha,"xa (ə (短促, 无固定调))",轻声
ho,xɔ˥,一声 (阴平)
ho,xɔ˧˥,二声 (阳平)
ho,xɔ˨˩˦,三声 (上声)
ho,xɔ˥˩,四声 (去声)
ho,"xɔ (ə (短促, 无固定调))",轻声
he,xɤ˥,一声 (阴平)
he,xɤ˧˥,二声 (阳平)
he,xɤ˨˩˦,三声 (上声)
he,xɤ˥˩,四声 (去声)
he,"xɤ (ə (短促, 无固定调))",轻声
hi,xi˥,一声 (阴平)
hi,xi˧˥,二声 (阳平)
hi,xi˨˩˦,三声 (上声)
hi,xi˥˩,四声 (去声)
hi,"xi (ə (短促, 无固定调))",轻声
hu,xu˥,一声 (阴平)
hu,xu˧˥,二声 (阳平)
hu,xu˨˩˦,三声 (上声)
hu,xu˥˩,四声 (去声)
hu,"xu (ə (短促, 无固定调))",轻声
hü,xy˥,一声 (阴平)
hü,xy˧˥,二声 (阳平)
hü,xy˨˩˦,三声 (上声)
hü,xy˥˩,四声 (去声)
hü,"xy (ə (短促, 无固定调))",轻声
hai,xai̯˥,一声 (阴平)
hai,xai̯˧˥,二声 (阳平)
hai,xai̯˨˩˦,三声 (上声)
hai,xai̯˥˩,四声 (去声)
hai,"xai̯ (ə (短促, 无固定调))",轻声
hei,xei̯˥,一声 (阴平)
hei,xei̯˧˥,二声 (阳平)
hei,xei̯˨˩˦,三声 (上声)
hei,xei̯˥˩,四声 (去声)
hei,"xei̯ (ə (短促, 无固定调))",轻声
hao,xau̯˥,一声 (阴平)
hao,xau̯˧˥,二声 (阳平)
hao,xau̯˨˩˦,三声 (上声)
hao,xau̯˥˩,四声 (去声)
hao,"xau̯ (ə (短促, 无固定调))",轻声
hou,xou̯˥,一声 (阴平)
hou,xou̯˧˥,二声 (阳平)
hou,xou̯˨˩˦,三声 (上声)
hou,xou̯˥˩,四声 (去声)
hou,"xou̯ (ə (短促, 无固定调))",轻声
hia,xi̯a˥,一声 (阴平)
hia,xi̯a˧˥,二声 (阳平)
hia,xi̯a˨˩˦,三声 (上声)
hia,xi̯a˥˩,四声 (去声)
hia,"xi̯a (ə (短促, 无固定调))",轻声
hie,xi̯ɛ˥,一声 (阴平)
hie,xi̯ɛ˧˥,二声 (阳平)
hie,xi̯ɛ˨˩˦,三声 (上声)
hie,xi̯ɛ˥˩,四声 (去声)
hie,"xi̯ɛ (ə (短促, 无固定调))",轻声
hiao,xi̯au̯˥,一声 (阴平)
hiao,xi̯au̯˧˥,二声 (阳平)
hiao,xi̯au̯˨˩˦,三声 (上声)
hiao,xi̯au̯˥˩,四声 (去声)
hiao,"xi̯au̯ (ə (短促, 无固定调))",轻声
hiu,xiou̯˥,一声 (阴平)
hiu,xiou̯˧˥,二声 (阳平)
hiu,xiou̯˨˩˦,三声 (上声)
hiu,xiou̯˥˩,四声 (去声)
hiu,"xiou̯ (ə (短促, 无固定调))",轻声
hua,xu̯a˥,一声 (阴平)
hua,xu̯a˧˥,二声 (阳平)
hua,xu̯a˨˩˦,三声 (上声)
hua,xu̯a˥˩,四声 (去声)
hua,"xu̯a (ə (短促, 无固定调))",轻声
huo,xu̯ɔ˥,一声 (阴平)
huo,xu̯ɔ˧˥,二声 (阳平)
huo,xu̯ɔ˨˩˦,三声 (上声)
huo,xu̯ɔ˥˩,四声 (去声)
huo,"xu̯ɔ (ə (短促, 无固定调))",轻声
huai,xu̯ai̯˥,一声 (阴平)
huai,xu̯ai̯˧˥,二声 (阳平)
huai,xu̯ai̯˨˩˦,三声 (上声)
huai,xu̯ai̯˥˩,四声 (去声)
huai,"xu̯ai̯ (ə (短促, 无固定调))",轻声
hui,xuei̯˥,一声 (阴平)
hui,xuei̯˧˥,二声 (阳平)
hui,xuei̯˨˩˦,三声 (上声)
hui,xuei̯˥˩,四声 (去声)
hui,"xuei̯ (ə (短促, 无固定调))",轻声
hüe,xyɛ˥,一声 (阴平)
hüe,xyɛ˧˥,二声 (阳平)
hüe,xyɛ˨˩˦,三声 (上声)
hüe,xyɛ˥˩,四声 (去声)
hüe,"xyɛ (ə (短促, 无固定调))",轻声
her,xaɻ˥,一声 (阴平)
her,xaɻ˧˥,二声 (阳平)
her,xaɻ˨˩˦,三声 (上声)
her,xaɻ˥˩,四声 (去声)
her,"xaɻ (ə (短促, 无固定调))",轻声
han,xan˥,一声 (阴平)
han,xan˧˥,二声 (阳平)
han,xan˨˩˦,三声 (上声)
han,xan˥˩,四声 (去声)
han,"xan (ə (短促, 无固定调))",轻声
hen,xən˥,一声 (阴平)
hen,xən˧˥,二声 (阳平)
hen,xən˨˩˦,三声 (上声)
hen,xən˥˩,四声 (去声)
hen,"xən (ə (短促, 无固定调))",轻声
hin,xin˥,一声 (阴平)
hin,xin˧˥,二声 (阳平)
hin,xin˨˩˦,三声 (上声)
hin,xin˥˩,四声 (去声)
hin,"xin (ə (短促, 无固定调))",轻声
hun,xu̯ən˥,一声 (阴平)
hun,xu̯ən˧˥,二声 (阳平)
hun,xu̯ən˨˩˦,三声 (上声)
hun,xu̯ən˥˩,四声 (去声)
hun,"xu̯ən (ə (短促, 无固定调))",轻声
hün,xyn˥,一声 (阴平)
hün,xyn˧˥,二声 (阳平)
hün,xyn˨˩˦,三声 (上声)
hün,xyn˥˩,四声 (去声)
hün,"xyn (ə (短促, 无固定调))",轻声
hang,xɑŋ˥,一声 (阴平)
hang,xɑŋ˧˥,二声 (阳平)
hang,xɑŋ˨˩˦,三声 (上声)
hang,xɑŋ˥˩,四声 (去声)
hang,"xɑŋ (ə (短促, 无固定调))",轻声
heng,xəŋ˥,一声 (阴平)
heng,xəŋ˧˥,二声 (阳平)
heng,xəŋ˨˩˦,三声 (上声)
heng,xəŋ˥˩,四声 (去声)
heng,"xəŋ (ə (短促, 无固定调))",轻声
hing,xiŋ˥,一声 (阴平)
hing,xiŋ˧˥,二声 (阳平)
hing,xiŋ˨˩˦,三声 (上声)
hing,xiŋ˥˩,四声 (去声)
hing,"xiŋ (ə (短促, 无固定调))",轻声
hong,xʊŋ˥,一声 (阴平)
hong,xʊŋ˧˥,二声 (阳平)
hong,xʊŋ˨˩˦,三声 (上声)
hong,xʊŋ˥˩,四声 (去声)
hong,"xʊŋ (ə (短促, 无固定调))",轻声
ja,tɕa˥,一声 (阴平)
ja,tɕa˧˥,二声 (阳平)
ja,tɕa˨˩˦,三声 (上声)
ja,tɕa˥˩,四声 (去声)
ja,"tɕa (ə (短促, 无固定调))",轻声
jo,tɕɔ˥,一声 (阴平)
jo,tɕɔ˧˥,二声 (阳平)
jo,tɕɔ˨˩˦,三声 (上声)
jo,tɕɔ˥˩,四声 (去声)
jo,"tɕɔ (ə (短促, 无固定调))",轻声
je,tɕɤ˥,一声 (阴平)
je,tɕɤ˧˥,二声 (阳平)
je,tɕɤ˨˩˦,三声 (上声)
je,tɕɤ˥˩,四声 (去声)
je,"tɕɤ (ə (短促, 无固定调))",轻声
ji,tɕi˥,一声 (阴平)
ji,tɕi˧˥,二声 (阳平)
ji,tɕi˨˩˦,三声 (上声)
ji,tɕi˥˩,四声 (去声)
ji,"tɕi (ə (短促, 无固定调))",轻声
ju,tɕu˥,一声 (阴平)
ju,tɕu˧˥,二声 (阳平)
ju,tɕu˨˩˦,三声 (上声)
ju,tɕu˥˩,四声 (去声)
ju,"tɕu (ə (短促, 无固定调))",轻声
jü,tɕy˥,一声 (阴平)
jü,tɕy˧˥,二声 (阳平)
jü,tɕy˨˩˦,三声 (上声)
jü,tɕy˥˩,四声 (去声)
jü,"tɕy (ə (短促, 无固定调))",轻声
jai,tɕai̯˥,一声 (阴平)
jai,tɕai̯˧˥,二声 (阳平)
jai,tɕai̯˨˩˦,三声 (上声)
jai,tɕai̯˥˩,四声 (去声)
jai,"tɕai̯ (ə (短促, 无固定调))",轻声
jei,tɕei̯˥,一声 (阴平)
jei,tɕei̯˧˥,二声 (阳平)
jei,tɕei̯˨˩˦,三声 (上声)
jei,tɕei̯˥˩,四声 (去声)
jei,"tɕei̯ (ə (短促, 无固定调))",轻声
jao,tɕau̯˥,一声 (阴平)
jao,tɕau̯˧˥,二声 (阳平)
jao,tɕau̯˨˩˦,三声 (上声)
jao,tɕau̯˥˩,四声 (去声)
jao,"tɕau̯ (ə (短促, 无固定调))",轻声
jou,tɕou̯˥,一声 (阴平)
jou,tɕou̯˧˥,二声 (阳平)
jou,tɕou̯˨˩˦,三声 (上声)
jou,tɕou̯˥˩,四声 (去声)
jou,"tɕou̯ (ə (短促, 无固定调))",轻声
jia,tɕi̯a˥,一声 (阴平)
jia,tɕi̯a˧˥,二声 (阳平)
jia,tɕi̯a˨˩˦,三声 (上声)
jia,tɕi̯a˥˩,四声 (去声)
jia,"tɕi̯a (ə (短促, 无固定调))",轻声
jie,tɕi̯ɛ˥,一声 (阴平)
jie,tɕi̯ɛ˧˥,二声 (阳平)
jie,tɕi̯ɛ˨˩˦,三声 (上声)
jie,tɕi̯ɛ˥˩,四声 (去声)
jie,"tɕi̯ɛ (ə (短促, 无固定调))",轻声
jiao,tɕi̯au̯˥,一声 (阴平)
jiao,tɕi̯au̯˧˥,二声 (阳平)
jiao,tɕi̯au̯˨˩˦,三声 (上声)
jiao,tɕi̯au̯˥˩,四声 (去声)
jiao,"tɕi̯au̯ (ə (短促, 无固定调))",轻声
jiu,tɕiou̯˥,一声 (阴平)
jiu,tɕiou̯˧˥,二声 (阳平)
jiu,tɕiou̯˨˩˦,三声 (上声)
jiu,tɕiou̯˥˩,四声 (去声)
jiu,"tɕiou̯ (ə (短促, 无固定调))",轻声
jua,tɕu̯a˥,一声 (阴平)
jua,tɕu̯a˧˥,二声 (阳平)
jua,tɕu̯a˨˩˦,三声 (上声)
jua,tɕu̯a˥˩,四声 (去声)
jua,"tɕu̯a (ə (短促, 无固定调))",轻声
juo,tɕu̯ɔ˥,一声 (阴平)
juo,tɕu̯ɔ˧˥,二声 (阳平)
juo,tɕu̯ɔ˨˩˦,三声 (上声)
juo,tɕu̯ɔ˥˩,四声 (去声)
juo,"tɕu̯ɔ (ə (短促, 无固定调))",轻声
juai,tɕu̯ai̯˥,一声 (阴平)
juai,tɕu̯ai̯˧˥,二声 (阳平)
juai,tɕu̯ai̯˨˩˦,三声 (上声)
juai,tɕu̯ai̯˥˩,四声 (去声)
juai,"tɕu̯ai̯ (ə (短促, 无固定调))",轻声
jui,tɕuei̯˥,一声 (阴平)
jui,tɕuei̯˧˥,二声 (阳平)
jui,tɕuei̯˨˩˦,三声 (上声)
jui,tɕuei̯˥˩,四声 (去声)
jui,"tɕuei̯ (ə (短促, 无固定调))",轻声
jüe,tɕyɛ˥,一声 (阴平)
jüe,tɕyɛ˧˥,二声 (阳平)
jüe,tɕyɛ˨˩˦,三声 (上声)
jüe,tɕyɛ˥˩,四声 (去声)
jüe,"tɕyɛ (ə (短促, 无固定调))",轻声
jer,tɕaɻ˥,一声 (阴平)
jer,tɕaɻ˧˥,二声 (阳平)
jer,tɕaɻ˨˩˦,三声 (上声)
jer,tɕaɻ˥˩,四声 (去声)
jer,"tɕaɻ (ə (短促, 无固定调))",轻声
jan,tɕan˥,一声 (阴平)
jan,tɕan˧˥,二声 (阳平)
jan,tɕan˨˩˦,三声 (上声)
jan,tɕan˥˩,四声 (去声)
jan,"tɕan (ə (短促, 无固定调))",轻声
jen,tɕən˥,一声 (阴平)
jen,tɕən˧˥,二声 (阳平)
jen,tɕən˨˩˦,三声 (上声)
jen,tɕən˥˩,四声 (去声)
jen,"tɕən (ə (短促, 无固定调))",轻声
jin,tɕin˥,一声 (阴平)
jin,tɕin˧˥,二声 (阳平)
jin,tɕin˨˩˦,三声 (上声)
jin,tɕin˥˩,四声 (去声)
jin,"tɕin (ə (短促, 无固定调))",轻声
jun,tɕu̯ən˥,一声 (阴平)
jun,tɕu̯ən˧˥,二声 (阳平)
jun,tɕu̯ən˨˩˦,三声 (上声)
jun,tɕu̯ən˥˩,四声 (去声)
jun,"tɕu̯ən (ə (短促, 无固定调))",轻声
jün,tɕyn˥,一声 (阴平)
jün,tɕyn˧˥,二声 (阳平)
jün,tɕyn˨˩˦,三声 (上声)
jün,tɕyn˥˩,四声 (去声)
jün,"tɕyn (ə (短促, 无固定调))",轻声
jang,tɕɑŋ˥,一声 (阴平)
jang,tɕɑŋ˧˥,二声 (阳平)
jang,tɕɑŋ˨˩˦,三声 (上声)
jang,tɕɑŋ˥˩,四声 (去声)
jang,"tɕɑŋ (ə (短促, 无固定调))",轻声
jeng,tɕəŋ˥,一声 (阴平)
jeng,tɕəŋ˧˥,二声 (阳平)
jeng,tɕəŋ˨˩˦,三声 (上声)
jeng,tɕəŋ˥˩,四声 (去声)
jeng,"tɕəŋ (ə (短促, 无固定调))",轻声
jing,tɕiŋ˥,一声 (阴平)
jing,tɕiŋ˧˥,二声 (阳平)
jing,tɕiŋ˨˩˦,三声 (上声)
jing,tɕiŋ˥˩,四声 (去声)
jing,"tɕiŋ (ə (短促, 无固定调))",轻声
jong,tɕʊŋ˥,一声 (阴平)
jong,tɕʊŋ˧˥,二声 (阳平)
jong,tɕʊŋ˨˩˦,三声 (上声)
jong,tɕʊŋ˥˩,四声 (去声)
jong,"tɕʊŋ (ə (短促, 无固定调))",轻声
qa,tɕʰa˥,一声 (阴平)
qa,tɕʰa˧˥,二声 (阳平)
qa,tɕʰa˨˩˦,三声 (上声)
qa,tɕʰa˥˩,四声 (去声)
qa,"tɕʰa (ə (短促, 无固定调))",轻声
qo,tɕʰɔ˥,一声 (阴平)
qo,tɕʰɔ˧˥,二声 (阳平)
qo,tɕʰɔ˨˩˦,三声 (上声)
qo,tɕʰɔ˥˩,四声 (去声)
qo,"tɕʰɔ (ə (短促, 无固定调))",轻声
qe,tɕʰɤ˥,一声 (阴平)
qe,tɕʰɤ˧˥,二声 (阳平)
qe,tɕʰɤ˨˩˦,三声 (上声)
qe,tɕʰɤ˥˩,四声 (去声)
qe,"tɕʰɤ (ə (短促, 无固定调))",轻声
qi,tɕʰi˥,一声 (阴平)
qi,tɕʰi˧˥,二声 (阳平)
qi,tɕʰi˨˩˦,三声 (上声)
qi,tɕʰi˥˩,四声 (去声)
qi,"tɕʰi (ə (短促, 无固定调))",轻声
qu,tɕʰu˥,一声 (阴平)
qu,tɕʰu˧˥,二声 (阳平)
qu,tɕʰu˨˩˦,三声 (上声)
qu,tɕʰu˥˩,四声 (去声)
qu,"tɕʰu (ə (短促, 无固定调))",轻声
qü,tɕʰy˥,一声 (阴平)
qü,tɕʰy˧˥,二声 (阳平)
qü,tɕʰy˨˩˦,三声 (上声)
qü,tɕʰy˥˩,四声 (去声)
qü,"tɕʰy (ə (短促, 无固定调))",轻声
qai,tɕʰai̯˥,一声 (阴平)
qai,tɕʰai̯˧˥,二声 (阳平)
qai,tɕʰai̯˨˩˦,三声 (上声)
qai,tɕʰai̯˥˩,四声 (去声)
qai,"tɕʰai̯ (ə (短促, 无固定调))",轻声
qei,tɕʰei̯˥,一声 (阴平)
qei,tɕʰei̯˧˥,二声 (阳平)
qei,tɕʰei̯˨˩˦,三声 (上声)
qei,tɕʰei̯˥˩,四声 (去声)
qei,"tɕʰei̯ (ə (短促, 无固定调))",轻声
qao,tɕʰau̯˥,一声 (阴平)
qao,tɕʰau̯˧˥,二声 (阳平)
qao,tɕʰau̯˨˩˦,三声 (上声)
qao,tɕʰau̯˥˩,四声 (去声)
qao,"tɕʰau̯ (ə (短促, 无固定调))",轻声
qou,tɕʰou̯˥,一声 (阴平)
qou,tɕʰou̯˧˥,二声 (阳平)
qou,tɕʰou̯˨˩˦,三声 (上声)
qou,tɕʰou̯˥˩,四声 (去声)
qou,"tɕʰou̯ (ə (短促, 无固定调))",轻声
qia,tɕʰi̯a˥,一声 (阴平)
qia,tɕʰi̯a˧˥,二声 (阳平)
qia,tɕʰi̯a˨˩˦,三声 (上声)
qia,tɕʰi̯a˥˩,四声 (去声)
qia,"tɕʰi̯a (ə (短促, 无固定调))",轻声
qie,tɕʰi̯ɛ˥,一声 (阴平)
qie,tɕʰi̯ɛ˧˥,二声 (阳平)
qie,tɕʰi̯ɛ˨˩˦,三声 (上声)
qie,tɕʰi̯ɛ˥˩,四声 (去声)
qie,"tɕʰi̯ɛ (ə (短促, 无固定调))",轻声
qiao,tɕʰi̯au̯˥,一声 (阴平)
qiao,tɕʰi̯au̯˧˥,二声 (阳平)
qiao,tɕʰi̯au̯˨˩˦,三声 (上声)
qiao,tɕʰi̯au̯˥˩,四声 (去声)
qiao,"tɕʰi̯au̯ (ə (短促, 无固定调))",轻声
qiu,tɕʰiou̯˥,一声 (阴平)
qiu,tɕʰiou̯˧˥,二声 (阳平)
qiu,tɕʰiou̯˨˩˦,三声 (上声)
qiu,tɕʰiou̯˥˩,四声 (去声)
qiu,"tɕʰiou̯ (ə (短促, 无固定调))",轻声
qua,tɕʰu̯a˥,一声 (阴平)
qua,tɕʰu̯a˧˥,二声 (阳平)
qua,tɕʰu̯a˨˩˦,三声 (上声)
qua,tɕʰu̯a˥˩,四声 (去声)
qua,"tɕʰu̯a (ə (短促, 无固定调))",轻声
quo,tɕʰu̯ɔ˥,一声 (阴平)
quo,tɕʰu̯ɔ˧˥,二声 (阳平)
quo,tɕʰu̯ɔ˨˩˦,三声 (上声)
quo,tɕʰu̯ɔ˥˩,四声 (去声)
quo,"tɕʰu̯ɔ (ə (短促, 无固定调))",轻声
quai,tɕʰu̯ai̯˥,一声 (阴平)
quai,tɕʰu̯ai̯˧˥,二声 (阳平)
quai,tɕʰu̯ai̯˨˩˦,三声 (上声)
quai,tɕʰu̯ai̯˥˩,四声 (去声)
quai,"tɕʰu̯ai̯ (ə (短促, 无固定调))",轻声
qui,tɕʰuei̯˥,一声 (阴平)
qui,tɕʰuei̯˧˥,二声 (阳平)
qui,tɕʰuei̯˨˩˦,三声 (上声)
qui,tɕʰuei̯˥˩,四声 (去声)
qui,"tɕʰuei̯ (ə (短促, 无固定调))",轻声
qüe,tɕʰyɛ˥,一声 (阴平)
qüe,tɕʰyɛ˧˥,二声 (阳平)
qüe,tɕʰyɛ˨˩˦,三声 (上声)
qüe,tɕʰyɛ˥˩,四声 (去声)
qüe,"tɕʰyɛ (ə (短促, 无固定调))",轻声
qer,tɕʰaɻ˥,一声 (阴平)
qer,tɕʰaɻ˧˥,二声 (阳平)
qer,tɕʰaɻ˨˩˦,三声 (上声)
qer,tɕʰaɻ˥˩,四声 (去声)
qer,"tɕʰaɻ (ə (短促, 无固定调))",轻声
qan,tɕʰan˥,一声 (阴平)
qan,tɕʰan˧˥,二声 (阳平)
qan,tɕʰan˨˩˦,三声 (上声)
qan,tɕʰan˥˩,四声 (去声)
qan,"tɕʰan (ə (短促, 无固定调))",轻声
qen,tɕʰən˥,一声 (阴平)
qen,tɕʰən˧˥,二声 (阳平)
qen,tɕʰən˨˩˦,三声 (上声)
qen,tɕʰən˥˩,四声 (去声)
qen,"tɕʰən (ə (短促, 无固定调))",轻声
qin,tɕʰin˥,一声 (阴平)
qin,tɕʰin˧˥,二声 (阳平)
qin,tɕʰin˨˩˦,三声 (上声)
qin,tɕʰin˥˩,四声 (去声)
qin,"tɕʰin (ə (短促, 无固定调))",轻声
qun,tɕʰu̯ən˥,一声 (阴平)
qun,tɕʰu̯ən˧˥,二声 (阳平)
qun,tɕʰu̯ən˨˩˦,三声 (上声)
qun,tɕʰu̯ən˥˩,四声 (去声)
qun,"tɕʰu̯ən (ə (短促, 无固定调))",轻声
qün,tɕʰyn˥,一声 (阴平)
qün,tɕʰyn˧˥,二声 (阳平)
qün,tɕʰyn˨˩˦,三声 (上声)
qün,tɕʰyn˥˩,四声 (去声)
qün,"tɕʰyn (ə (短促, 无固定调))",轻声
qang,tɕʰɑŋ˥,一声 (阴平)
qang,tɕʰɑŋ˧˥,二声 (阳平)
qang,tɕʰɑŋ˨˩˦,三声 (上声)
qang,tɕʰɑŋ˥˩,四声 (去声)
qang,"tɕʰɑŋ (ə (短促, 无固定调))",轻声
qeng,tɕʰəŋ˥,一声 (阴平)
qeng,tɕʰəŋ˧˥,二声 (阳平)
qeng,tɕʰəŋ˨˩˦,三声 (上声)
qeng,tɕʰəŋ˥˩,四声 (去声)
qeng,"tɕʰəŋ (ə (短促, 无固定调))",轻声
qing,tɕʰiŋ˥,一声 (阴平)
qing,tɕʰiŋ˧˥,二声 (阳平)
qing,tɕʰiŋ˨˩˦,三声 (上声)
qing,tɕʰiŋ˥˩,四声 (去声)
qing,"tɕʰiŋ (ə (短促, 无固定调))",轻声
qong,tɕʰʊŋ˥,一声 (阴平)
qong,tɕʰʊŋ˧˥,二声 (阳平)
qong,tɕʰʊŋ˨˩˦,三声 (上声)
qong,tɕʰʊŋ˥˩,四声 (去声)
qong,"tɕʰʊŋ (ə (短促, 无固定调))",轻声
xa,ɕa˥,一声 (阴平)
xa,ɕa˧˥,二声 (阳平)
xa,ɕa˨˩˦,三声 (上声)
xa,ɕa˥˩,四声 (去声)
xa,"ɕa (ə (短促, 无固定调))",轻声
xo,ɕɔ˥,一声 (阴平)
xo,ɕɔ˧˥,二声 (阳平)
xo,ɕɔ˨˩˦,三声 (上声)
xo,ɕɔ˥˩,四声 (去声)
xo,"ɕɔ (ə (短促, 无固定调))",轻声
xe,ɕɤ˥,一声 (阴平)
xe,ɕɤ˧˥,二声 (阳平)
xe,ɕɤ˨˩˦,三声 (上声)
xe,ɕɤ˥˩,四声 (去声)
xe,"ɕɤ (ə (短促, 无固定调))",轻声
xi,ɕi˥,一声 (阴平)
xi,ɕi˧˥,二声 (阳平)
xi,ɕi˨˩˦,三声 (上声)
xi,ɕi˥˩,四声 (去声)
xi,"ɕi (ə (短促, 无固定调))",轻声
xu,ɕu˥,一声 (阴平)
xu,ɕu˧˥,二声 (阳平)
xu,ɕu˨˩˦,三声 (上声)
xu,ɕu˥˩,四声 (去声)
xu,"ɕu (ə (短促, 无固定调))",轻声
xü,ɕy˥,一声 (阴平)
xü,ɕy˧˥,二声 (阳平)
xü,ɕy˨˩˦,三声 (上声)
xü,ɕy˥˩,四声 (去声)
xü,"ɕy (ə (短促, 无固定调))",轻声
xai,ɕai̯˥,一声 (阴平)
xai,ɕai̯˧˥,二声 (阳平)
xai,ɕai̯˨˩˦,三声 (上声)
xai,ɕai̯˥˩,四声 (去声)
xai,"ɕai̯ (ə (短促, 无固定调))",轻声
xei,ɕei̯˥,一声 (阴平)
xei,ɕei̯˧˥,二声 (阳平)
xei,ɕei̯˨˩˦,三声 (上声)
xei,ɕei̯˥˩,四声 (去声)
xei,"ɕei̯ (ə (短促, 无固定调))",轻声
xao,ɕau̯˥,一声 (阴平)
xao,ɕau̯˧˥,二声 (阳平)
xao,ɕau̯˨˩˦,三声 (上声)
xao,ɕau̯˥˩,四声 (去声)
xao,"ɕau̯ (ə (短促, 无固定调))",轻声
xou,ɕou̯˥,一声 (阴平)
xou,ɕou̯˧˥,二声 (阳平)
xou,ɕou̯˨˩˦,三声 (上声)
xou,ɕou̯˥˩,四声 (去声)
xou,"ɕou̯ (ə (短促, 无固定调))",轻声
xia,ɕi̯a˥,一声 (阴平)
xia,ɕi̯a˧˥,二声 (阳平)
xia,ɕi̯a˨˩˦,三声 (上声)
xia,ɕi̯a˥˩,四声 (去声)
xia,"ɕi̯a (ə (短促, 无固定调))",轻声
xie,ɕi̯ɛ˥,一声 (阴平)
xie,ɕi̯ɛ˧˥,二声 (阳平)
xie,ɕi̯ɛ˨˩˦,三声 (上声)
xie,ɕi̯ɛ˥˩,四声 (去声)
xie,"ɕi̯ɛ (ə (短促, 无固定调))",轻声
xiao,ɕi̯au̯˥,一声 (阴平)
xiao,ɕi̯au̯˧˥,二声 (阳平)
xiao,ɕi̯au̯˨˩˦,三声 (上声)
xiao,ɕi̯au̯˥˩,四声 (去声)
xiao,"ɕi̯au̯ (ə (短促, 无固定调))",轻声
xiu,ɕiou̯˥,一声 (阴平)
xiu,ɕiou̯˧˥,二声 (阳平)
xiu,ɕiou̯˨˩˦,三声 (上声)
xiu,ɕiou̯˥˩,四声 (去声)
xiu,"ɕiou̯ (ə (短促, 无固定调))",轻声
xua,ɕu̯a˥,一声 (阴平)
xua,ɕu̯a˧˥,二声 (阳平)
xua,ɕu̯a˨˩˦,三声 (上声)
xua,ɕu̯a˥˩,四声 (去声)
xua,"ɕu̯a (ə (短促, 无固定调))",轻声
xuo,ɕu̯ɔ˥,一声 (阴平)
xuo,ɕu̯ɔ˧˥,二声 (阳平)
xuo,ɕu̯ɔ˨˩˦,三声 (上声)
xuo,ɕu̯ɔ˥˩,四声 (去声)
xuo,"ɕu̯ɔ (ə (短促, 无固定调))",轻声
xuai,ɕu̯ai̯˥,一声 (阴平)
xuai,ɕu̯ai̯˧˥,二声 (阳平)
xuai,ɕu̯ai̯˨˩˦,三声 (上声)
xuai,ɕu̯ai̯˥˩,四声 (去声)
xuai,"ɕu̯ai̯ (ə (短促, 无固定调))",轻声
xui,ɕuei̯˥,一声 (阴平)
xui,ɕuei̯˧˥,二声 (阳平)
xui,ɕuei̯˨˩˦,三声 (上声)
xui,ɕuei̯˥˩,四声 (去声)
xui,"ɕuei̯ (ə (短促, 无固定调))",轻声
xüe,ɕyɛ˥,一声 (阴平)
xüe,ɕyɛ˧˥,二声 (阳平)
xüe,ɕyɛ˨˩˦,三声 (上声)
xüe,ɕyɛ˥˩,四声 (去声)
xüe,"ɕyɛ (ə (短促, 无固定调))",轻声
xer,ɕaɻ˥,一声 (阴平)
xer,ɕaɻ˧˥,二声 (阳平)
xer,ɕaɻ˨˩˦,三声 (上声)
xer,ɕaɻ˥˩,四声 (去声)
xer,"ɕaɻ (ə (短促, 无固定调))",轻声
xan,ɕan˥,一声 (阴平)
xan,ɕan˧˥,二声 (阳平)
xan,ɕan˨˩˦,三声 (上声)
xan,ɕan˥˩,四声 (去声)
xan,"ɕan (ə (短促, 无固定调))",轻声
xen,ɕən˥,一声 (阴平)
xen,ɕən˧˥,二声 (阳平)
xen,ɕən˨˩˦,三声 (上声)
xen,ɕən˥˩,四声 (去声)
xen,"ɕən (ə (短促, 无固定调))",轻声
xin,ɕin˥,一声 (阴平)
xin,ɕin˧˥,二声 (阳平)
xin,ɕin˨˩˦,三声 (上声)
xin,ɕin˥˩,四声 (去声)
xin,"ɕin (ə (短促, 无固定调))",轻声
xun,ɕu̯ən˥,一声 (阴平)
xun,ɕu̯ən˧˥,二声 (阳平)
xun,ɕu̯ən˨˩˦,三声 (上声)
xun,ɕu̯ən˥˩,四声 (去声)
xun,"ɕu̯ən (ə (短促, 无固定调))",轻声
xün,ɕyn˥,一声 (阴平)
xün,ɕyn˧˥,二声 (阳平)
xün,ɕyn˨˩˦,三声 (上声)
xün,ɕyn˥˩,四声 (去声)
xün,"ɕyn (ə (短促, 无固定调))",轻声
xang,ɕɑŋ˥,一声 (阴平)
xang,ɕɑŋ˧˥,二声 (阳平)
xang,ɕɑŋ˨˩˦,三声 (上声)
xang,ɕɑŋ˥˩,四声 (去声)
xang,"ɕɑŋ (ə (短促, 无固定调))",轻声
xeng,ɕəŋ˥,一声 (阴平)
xeng,ɕəŋ˧˥,二声 (阳平)
xeng,ɕəŋ˨˩˦,三声 (上声)
xeng,ɕəŋ˥˩,四声 (去声)
xeng,"ɕəŋ (ə (短促, 无固定调))",轻声
xing,ɕiŋ˥,一声 (阴平)
xing,ɕiŋ˧˥,二声 (阳平)
xing,ɕiŋ˨˩˦,三声 (上声)
xing,ɕiŋ˥˩,四声 (去声)
xing,"ɕiŋ (ə (短促, 无固定调))",轻声
xong,ɕʊŋ˥,一声 (阴平)
xong,ɕʊŋ˧˥,二声 (阳平)
xong,ɕʊŋ˨˩˦,三声 (上声)
xong,ɕʊŋ˥˩,四声 (去声)
xong,"ɕʊŋ (ə (短促, 无固定调))",轻声
zha,ʈʂa˥,一声 (阴平)
zha,ʈʂa˧˥,二声 (阳平)
zha,ʈʂa˨˩˦,三声 (上声)
zha,ʈʂa˥˩,四声 (去声)
zha,"ʈʂa (ə (短促, 无固定调))",轻声
zho,ʈʂɔ˥,一声 (阴平)
zho,ʈʂɔ˧˥,二声 (阳平)
zho,ʈʂɔ˨˩˦,三声 (上声)
zho,ʈʂɔ˥˩,四声 (去声)
zho,"ʈʂɔ (ə (短促, 无固定调))",轻声
zhe,ʈʂɤ˥,一声 (阴平)
zhe,ʈʂɤ˧˥,二声 (阳平)
zhe,ʈʂɤ˨˩˦,三声 (上声)
zhe,ʈʂɤ˥˩,四声 (去声)
zhe,"ʈʂɤ (ə (短促, 无固定调))",轻声
zhi,ʈʂi˥,一声 (阴平)
zhi,ʈʂi˧˥,二声 (阳平)
zhi,ʈʂi˨˩˦,三声 (上声)
zhi,ʈʂi˥˩,四声 (去声)
zhi,"ʈʂi (ə (短促, 无固定调))",轻声
zhu,ʈʂu˥,一声 (阴平)
zhu,ʈʂu˧˥,二声 (阳平)
zhu,ʈʂu˨˩˦,三声 (上声)
zhu,ʈʂu˥˩,四声 (去声)
zhu,"ʈʂu (ə (短促, 无固定调))",轻声
zhü,ʈʂy˥,一声 (阴平)
zhü,ʈʂy˧˥,二声 (阳平)
zhü,ʈʂy˨˩˦,三声 (上声)
zhü,ʈʂy˥˩,四声 (去声)
zhü,"ʈʂy (ə (短促, 无固定调))",轻声
zhai,ʈʂai̯˥,一声 (阴平)
zhai,ʈʂai̯˧˥,二声 (阳平)
zhai,ʈʂai̯˨˩˦,三声 (上声)
zhai,ʈʂai̯˥˩,四声 (去声)
zhai,"ʈʂai̯ (ə (短促, 无固定调))",轻声
zhei,ʈʂei̯˥,一声 (阴平)
zhei,ʈʂei̯˧˥,二声 (阳平)
zhei,ʈʂei̯˨˩˦,三声 (上声)
zhei,ʈʂei̯˥˩,四声 (去声)
zhei,"ʈʂei̯ (ə (短促, 无固定调))",轻声
zhao,ʈʂau̯˥,一声 (阴平)
zhao,ʈʂau̯˧˥,二声 (阳平)
zhao,ʈʂau̯˨˩˦,三声 (上声)
zhao,ʈʂau̯˥˩,四声 (去声)
zhao,"ʈʂau̯ (ə (短促, 无固定调))",轻声
zhou,ʈʂou̯˥,一声 (阴平)
zhou,ʈʂou̯˧˥,二声 (阳平)
zhou,ʈʂou̯˨˩˦,三声 (上声)
zhou,ʈʂou̯˥˩,四声 (去声)
zhou,"ʈʂou̯ (ə (短促, 无固定调))",轻声
zhia,ʈʂi̯a˥,一声 (阴平)
zhia,ʈʂi̯a˧˥,二声 (阳平)
zhia,ʈʂi̯a˨˩˦,三声 (上声)
zhia,ʈʂi̯a˥˩,四声 (去声)
zhia,"ʈʂi̯a (ə (短促, 无固定调))",轻声
zhie,ʈʂi̯ɛ˥,一声 (阴平)
zhie,ʈʂi̯ɛ˧˥,二声 (阳平)
zhie,ʈʂi̯ɛ˨˩˦,三声 (上声)
zhie,ʈʂi̯ɛ˥˩,四声 (去声)
zhie,"ʈʂi̯ɛ (ə (短促, 无固定调))",轻声
zhiao,ʈʂi̯au̯˥,一声 (阴平)
zhiao,ʈʂi̯au̯˧˥,二声 (阳平)
zhiao,ʈʂi̯au̯˨˩˦,三声 (上声)
zhiao,ʈʂi̯au̯˥˩,四声 (去声)
zhiao,"ʈʂi̯au̯ (ə (短促, 无固定调))",轻声
zhiu,ʈʂiou̯˥,一声 (阴平)
zhiu,ʈʂiou̯˧˥,二声 (阳平)
zhiu,ʈʂiou̯˨˩˦,三声 (上声)
zhiu,ʈʂiou̯˥˩,四声 (去声)
zhiu,"ʈʂiou̯ (ə (短促, 无固定调))",轻声
zhua,ʈʂu̯a˥,一声 (阴平)
zhua,ʈʂu̯a˧˥,二声 (阳平)
zhua,ʈʂu̯a˨˩˦,三声 (上声)
zhua,ʈʂu̯a˥˩,四声 (去声)
zhua,"ʈʂu̯a (ə (短促, 无固定调))",轻声
zhuo,ʈʂu̯ɔ˥,一声 (阴平)
zhuo,ʈʂu̯ɔ˧˥,二声 (阳平)
zhuo,ʈʂu̯ɔ˨˩˦,三声 (上声)
zhuo,ʈʂu̯ɔ˥˩,四声 (去声)
zhuo,"ʈʂu̯ɔ (ə (短促, 无固定调))",轻声
zhuai,ʈʂu̯ai̯˥,一声 (阴平)
zhuai,ʈʂu̯ai̯˧˥,二声 (阳平)
zhuai,ʈʂu̯ai̯˨˩˦,三声 (上声)
zhuai,ʈʂu̯ai̯˥˩,四声 (去声)
zhuai,"ʈʂu̯ai̯ (ə (短促, 无固定调))",轻声
zhui,ʈʂuei̯˥,一声 (阴平)
zhui,ʈʂuei̯˧˥,二声 (阳平)
zhui,ʈʂuei̯˨˩˦,三声 (上声)
zhui,ʈʂuei̯˥˩,四声 (去声)
zhui,"ʈʂuei̯ (ə (短促, 无固定调))",轻声
zhüe,ʈʂyɛ˥,一声 (阴平)
zhüe,ʈʂyɛ˧˥,二声 (阳平)
zhüe,ʈʂyɛ˨˩˦,三声 (上声)
zhüe,ʈʂyɛ˥˩,四声 (去声)
zhüe,"ʈʂyɛ (ə (短促, 无固定调))",轻声
zher,ʈʂaɻ˥,一声 (阴平)
zher,ʈʂaɻ˧˥,二声 (阳平)
zher,ʈʂaɻ˨˩˦,三声 (上声)
zher,ʈʂaɻ˥˩,四声 (去声)
zher,"ʈʂaɻ (ə (短促, 无固定调))",轻声
zhan,ʈʂan˥,一声 (阴平)
zhan,ʈʂan˧˥,二声 (阳平)
zhan,ʈʂan˨˩˦,三声 (上声)
zhan,ʈʂan˥˩,四声 (去声)
zhan,"ʈʂan (ə (短促, 无固定调))",轻声
zhen,ʈʂən˥,一声 (阴平)
zhen,ʈʂən˧˥,二声 (阳平)
zhen,ʈʂən˨˩˦,三声 (上声)
zhen,ʈʂən˥˩,四声 (去声)
zhen,"ʈʂən (ə (短促, 无固定调))",轻声
zhin,ʈʂin˥,一声 (阴平)
zhin,ʈʂin˧˥,二声 (阳平)
zhin,ʈʂin˨˩˦,三声 (上声)
zhin,ʈʂin˥˩,四声 (去声)
zhin,"ʈʂin (ə (短促, 无固定调))",轻声
zhun,ʈʂu̯ən˥,一声 (阴平)
zhun,ʈʂu̯ən˧˥,二声 (阳平)
zhun,ʈʂu̯ən˨˩˦,三声 (上声)
zhun,ʈʂu̯ən˥˩,四声 (去声)
zhun,"ʈʂu̯ən (ə (短促, 无固定调))",轻声
zhün,ʈʂyn˥,一声 (阴平)
zhün,ʈʂyn˧˥,二声 (阳平)
zhün,ʈʂyn˨˩˦,三声 (上声)
zhün,ʈʂyn˥˩,四声 (去声)
zhün,"ʈʂyn (ə (短促, 无固定调))",轻声
zhang,ʈʂɑŋ˥,一声 (阴平)
zhang,ʈʂɑŋ˧˥,二声 (阳平)
zhang,ʈʂɑŋ˨˩˦,三声 (上声)
zhang,ʈʂɑŋ˥˩,四声 (去声)
zhang,"ʈʂɑŋ (ə (短促, 无固定调))",轻声
zheng,ʈʂəŋ˥,一声 (阴平)
zheng,ʈʂəŋ˧˥,二声 (阳平)
zheng,ʈʂəŋ˨˩˦,三声 (上声)
zheng,ʈʂəŋ˥˩,四声 (去声)
zheng,"ʈʂəŋ (ə (短促, 无固定调))",轻声
zhing,ʈʂiŋ˥,一声 (阴平)
zhing,ʈʂiŋ˧˥,二声 (阳平)
zhing,ʈʂiŋ˨˩˦,三声 (上声)
zhing,ʈʂiŋ˥˩,四声 (去声)
zhing,"ʈʂiŋ (ə (短促, 无固定调))",轻声
zhong,ʈʂʊŋ˥,一声 (阴平)
zhong,ʈʂʊŋ˧˥,二声 (阳平)
zhong,ʈʂʊŋ˨˩˦,三声 (上声)
zhong,ʈʂʊŋ˥˩,四声 (去声)
zhong,"ʈʂʊŋ (ə (短促, 无固定调))",轻声
cha,ʈʂʰa˥,一声 (阴平)
cha,ʈʂʰa˧˥,二声 (阳平)
cha,ʈʂʰa˨˩˦,三声 (上声)
cha,ʈʂʰa˥˩,四声 (去声)
cha,"ʈʂʰa (ə (短促, 无固定调))",轻声
cho,ʈʂʰɔ˥,一声 (阴平)
cho,ʈʂʰɔ˧˥,二声 (阳平)
cho,ʈʂʰɔ˨˩˦,三声 (上声)
cho,ʈʂʰɔ˥˩,四声 (去声)
cho,"ʈʂʰɔ (ə (短促, 无固定调))",轻声
che,ʈʂʰɤ˥,一声 (阴平)
che,ʈʂʰɤ˧˥,二声 (阳平)
che,ʈʂʰɤ˨˩˦,三声 (上声)
che,ʈʂʰɤ˥˩,四声 (去声)
che,"ʈʂʰɤ (ə (短促, 无固定调))",轻声
chi,ʈʂʰi˥,一声 (阴平)
chi,ʈʂʰi˧˥,二声 (阳平)
chi,ʈʂʰi˨˩˦,三声 (上声)
chi,ʈʂʰi˥˩,四声 (去声)
chi,"ʈʂʰi (ə (短促, 无固定调))",轻声
chu,ʈʂʰu˥,一声 (阴平)
chu,ʈʂʰu˧˥,二声 (阳平)
chu,ʈʂʰu˨˩˦,三声 (上声)
chu,ʈʂʰu˥˩,四声 (去声)
chu,"ʈʂʰu (ə (短促, 无固定调))",轻声
chü,ʈʂʰy˥,一声 (阴平)
chü,ʈʂʰy˧˥,二声 (阳平)
chü,ʈʂʰy˨˩˦,三声 (上声)
chü,ʈʂʰy˥˩,四声 (去声)
chü,"ʈʂʰy (ə (短促, 无固定调))",轻声
chai,ʈʂʰai̯˥,一声 (阴平)
chai,ʈʂʰai̯˧˥,二声 (阳平)
chai,ʈʂʰai̯˨˩˦,三声 (上声)
chai,ʈʂʰai̯˥˩,四声 (去声)
chai,"ʈʂʰai̯ (ə (短促, 无固定调))",轻声
chei,ʈʂʰei̯˥,一声 (阴平)
chei,ʈʂʰei̯˧˥,二声 (阳平)
chei,ʈʂʰei̯˨˩˦,三声 (上声)
chei,ʈʂʰei̯˥˩,四声 (去声)
chei,"ʈʂʰei̯ (ə (短促, 无固定调))",轻声
chao,ʈʂʰau̯˥,一声 (阴平)
chao,ʈʂʰau̯˧˥,二声 (阳平)
chao,ʈʂʰau̯˨˩˦,三声 (上声)
chao,ʈʂʰau̯˥˩,四声 (去声)
chao,"ʈʂʰau̯ (ə (短促, 无固定调))",轻声
chou,ʈʂʰou̯˥,一声 (阴平)
chou,ʈʂʰou̯˧˥,二声 (阳平)
chou,ʈʂʰou̯˨˩˦,三声 (上声)
chou,ʈʂʰou̯˥˩,四声 (去声)
chou,"ʈʂʰou̯ (ə (短促, 无固定调))",轻声
chia,ʈʂʰi̯a˥,一声 (阴平)
chia,ʈʂʰi̯a˧˥,二声 (阳平)
chia,ʈʂʰi̯a˨˩˦,三声 (上声)
chia,ʈʂʰi̯a˥˩,四声 (去声)
chia,"ʈʂʰi̯a (ə (短促, 无固定调))",轻声
chie,ʈʂʰi̯ɛ˥,一声 (阴平)
chie,ʈʂʰi̯ɛ˧˥,二声 (阳平)
chie,ʈʂʰi̯ɛ˨˩˦,三声 (上声)
chie,ʈʂʰi̯ɛ˥˩,四声 (去声)
chie,"ʈʂʰi̯ɛ (ə (短促, 无固定调))",轻声
chiao,ʈʂʰi̯au̯˥,一声 (阴平)
chiao,ʈʂʰi̯au̯˧˥,二声 (阳平)
chiao,ʈʂʰi̯au̯˨˩˦,三声 (上声)
chiao,ʈʂʰi̯au̯˥˩,四声 (去声)
chiao,"ʈʂʰi̯au̯ (ə (短促, 无固定调))",轻声
chiu,ʈʂʰiou̯˥,一声 (阴平)
chiu,ʈʂʰiou̯˧˥,二声 (阳平)
chiu,ʈʂʰiou̯˨˩˦,三声 (上声)
chiu,ʈʂʰiou̯˥˩,四声 (去声)
chiu,"ʈʂʰiou̯ (ə (短促, 无固定调))",轻声
chua,ʈʂʰu̯a˥,一声 (阴平)
chua,ʈʂʰu̯a˧˥,二声 (阳平)
chua,ʈʂʰu̯a˨˩˦,三声 (上声)
chua,ʈʂʰu̯a˥˩,四声 (去声)
chua,"ʈʂʰu̯a (ə (短促, 无固定调))",轻声
chuo,ʈʂʰu̯ɔ˥,一声 (阴平)
chuo,ʈʂʰu̯ɔ˧˥,二声 (阳平)
chuo,ʈʂʰu̯ɔ˨˩˦,三声 (上声)
chuo,ʈʂʰu̯ɔ˥˩,四声 (去声)
chuo,"ʈʂʰu̯ɔ (ə (短促, 无固定调))",轻声
chuai,ʈʂʰu̯ai̯˥,一声 (阴平)
chuai,ʈʂʰu̯ai̯˧˥,二声 (阳平)
chuai,ʈʂʰu̯ai̯˨˩˦,三声 (上声)
chuai,ʈʂʰu̯ai̯˥˩,四声 (去声)
chuai,"ʈʂʰu̯ai̯ (ə (短促, 无固定调))",轻声
chui,ʈʂʰuei̯˥,一声 (阴平)
chui,ʈʂʰuei̯˧˥,二声 (阳平)
chui,ʈʂʰuei̯˨˩˦,三声 (上声)
chui,ʈʂʰuei̯˥˩,四声 (去声)
chui,"ʈʂʰuei̯ (ə (短促, 无固定调))",轻声
chüe,ʈʂʰyɛ˥,一声 (阴平)
chüe,ʈʂʰyɛ˧˥,二声 (阳平)
chüe,ʈʂʰyɛ˨˩˦,三声 (上声)
chüe,ʈʂʰyɛ˥˩,四声 (去声)
chüe,"ʈʂʰyɛ (ə (短促, 无固定调))",轻声
cher,ʈʂʰaɻ˥,一声 (阴平)
cher,ʈʂʰaɻ˧˥,二声 (阳平)
cher,ʈʂʰaɻ˨˩˦,三声 (上声)
cher,ʈʂʰaɻ˥˩,四声 (去声)
cher,"ʈʂʰaɻ (ə (短促, 无固定调))",轻声
chan,ʈʂʰan˥,一声 (阴平)
chan,ʈʂʰan˧˥,二声 (阳平)
chan,ʈʂʰan˨˩˦,三声 (上声)
chan,ʈʂʰan˥˩,四声 (去声)
chan,"ʈʂʰan (ə (短促, 无固定调))",轻声
chen,ʈʂʰən˥,一声 (阴平)
chen,ʈʂʰən˧˥,二声 (阳平)
chen,ʈʂʰən˨˩˦,三声 (上声)
chen,ʈʂʰən˥˩,四声 (去声)
chen,"ʈʂʰən (ə (短促, 无固定调))",轻声
chin,ʈʂʰin˥,一声 (阴平)
chin,ʈʂʰin˧˥,二声 (阳平)
chin,ʈʂʰin˨˩˦,三声 (上声)
chin,ʈʂʰin˥˩,四声 (去声)
chin,"ʈʂʰin (ə (短促, 无固定调))",轻声
chun,ʈʂʰu̯ən˥,一声 (阴平)
chun,ʈʂʰu̯ən˧˥,二声 (阳平)
chun,ʈʂʰu̯ən˨˩˦,三声 (上声)
chun,ʈʂʰu̯ən˥˩,四声 (去声)
chun,"ʈʂʰu̯ən (ə (短促, 无固定调))",轻声
chün,ʈʂʰyn˥,一声 (阴平)
chün,ʈʂʰyn˧˥,二声 (阳平)
chün,ʈʂʰyn˨˩˦,三声 (上声)
chün,ʈʂʰyn˥˩,四声 (去声)
chün,"ʈʂʰyn (ə (短促, 无固定调))",轻声
chang,ʈʂʰɑŋ˥,一声 (阴平)
chang,ʈʂʰɑŋ˧˥,二声 (阳平)
chang,ʈʂʰɑŋ˨˩˦,三声 (上声)
chang,ʈʂʰɑŋ˥˩,四声 (去声)
chang,"ʈʂʰɑŋ (ə (短促, 无固定调))",轻声
cheng,ʈʂʰəŋ˥,一声 (阴平)
cheng,ʈʂʰəŋ˧˥,二声 (阳平)
cheng,ʈʂʰəŋ˨˩˦,三声 (上声)
cheng,ʈʂʰəŋ˥˩,四声 (去声)
cheng,"ʈʂʰəŋ (ə (短促, 无固定调))",轻声
ching,ʈʂʰiŋ˥,一声 (阴平)
ching,ʈʂʰiŋ˧˥,二声 (阳平)
ching,ʈʂʰiŋ˨˩˦,三声 (上声)
ching,ʈʂʰiŋ˥˩,四声 (去声)
ching,"ʈʂʰiŋ (ə (短促, 无固定调))",轻声
chong,ʈʂʰʊŋ˥,一声 (阴平)
chong,ʈʂʰʊŋ˧˥,二声 (阳平)
chong,ʈʂʰʊŋ˨˩˦,三声 (上声)
chong,ʈʂʰʊŋ˥˩,四声 (去声)
chong,"ʈʂʰʊŋ (ə (短促, 无固定调))",轻声
sha,ʂa˥,一声 (阴平)
sha,ʂa˧˥,二声 (阳平)
sha,ʂa˨˩˦,三声 (上声)
sha,ʂa˥˩,四声 (去声)
sha,"ʂa (ə (短促, 无固定调))",轻声
sho,ʂɔ˥,一声 (阴平)
sho,ʂɔ˧˥,二声 (阳平)
sho,ʂɔ˨˩˦,三声 (上声)
sho,ʂɔ˥˩,四声 (去声)
sho,"ʂɔ (ə (短促, 无固定调))",轻声
she,ʂɤ˥,一声 (阴平)
she,ʂɤ˧˥,二声 (阳平)
she,ʂɤ˨˩˦,三声 (上声)
she,ʂɤ˥˩,四声 (去声)
she,"ʂɤ (ə (短促, 无固定调))",轻声
shi,ʂi˥,一声 (阴平)
shi,ʂi˧˥,二声 (阳平)
shi,ʂi˨˩˦,三声 (上声)
shi,ʂi˥˩,四声 (去声)
shi,"ʂi (ə (短促, 无固定调))",轻声
shu,ʂu˥,一声 (阴平)
shu,ʂu˧˥,二声 (阳平)
shu,ʂu˨˩˦,三声 (上声)
shu,ʂu˥˩,四声 (去声)
shu,"ʂu (ə (短促, 无固定调))",轻声
shü,ʂy˥,一声 (阴平)
shü,ʂy˧˥,二声 (阳平)
shü,ʂy˨˩˦,三声 (上声)
shü,ʂy˥˩,四声 (去声)
shü,"ʂy (ə (短促, 无固定调))",轻声
shai,ʂai̯˥,一声 (阴平)
shai,ʂai̯˧˥,二声 (阳平)
shai,ʂai̯˨˩˦,三声 (上声)
shai,ʂai̯˥˩,四声 (去声)
shai,"ʂai̯ (ə (短促, 无固定调))",轻声
shei,ʂei̯˥,一声 (阴平)
shei,ʂei̯˧˥,二声 (阳平)
shei,ʂei̯˨˩˦,三声 (上声)
shei,ʂei̯˥˩,四声 (去声)
shei,"ʂei̯ (ə (短促, 无固定调))",轻声
shao,ʂau̯˥,一声 (阴平)
shao,ʂau̯˧˥,二声 (阳平)
shao,ʂau̯˨˩˦,三声 (上声)
shao,ʂau̯˥˩,四声 (去声)
shao,"ʂau̯ (ə (短促, 无固定调))",轻声
shou,ʂou̯˥,一声 (阴平)
shou,ʂou̯˧˥,二声 (阳平)
shou,ʂou̯˨˩˦,三声 (上声)
shou,ʂou̯˥˩,四声 (去声)
shou,"ʂou̯ (ə (短促, 无固定调))",轻声
shia,ʂi̯a˥,一声 (阴平)
shia,ʂi̯a˧˥,二声 (阳平)
shia,ʂi̯a˨˩˦,三声 (上声)
shia,ʂi̯a˥˩,四声 (去声)
shia,"ʂi̯a (ə (短促, 无固定调))",轻声
shie,ʂi̯ɛ˥,一声 (阴平)
shie,ʂi̯ɛ˧˥,二声 (阳平)
shie,ʂi̯ɛ˨˩˦,三声 (上声)
shie,ʂi̯ɛ˥˩,四声 (去声)
shie,"ʂi̯ɛ (ə (短促, 无固定调))",轻声
shiao,ʂi̯au̯˥,一声 (阴平)
shiao,ʂi̯au̯˧˥,二声 (阳平)
shiao,ʂi̯au̯˨˩˦,三声 (上声)
shiao,ʂi̯au̯˥˩,四声 (去声)
shiao,"ʂi̯au̯ (ə (短促, 无固定调))",轻声
shiu,ʂiou̯˥,一声 (阴平)
shiu,ʂiou̯˧˥,二声 (阳平)
shiu,ʂiou̯˨˩˦,三声 (上声)
shiu,ʂiou̯˥˩,四声 (去声)
shiu,"ʂiou̯ (ə (短促, 无固定调))",轻声
shua,ʂu̯a˥,一声 (阴平)
shua,ʂu̯a˧˥,二声 (阳平)
shua,ʂu̯a˨˩˦,三声 (上声)
shua,ʂu̯a˥˩,四声 (去声)
shua,"ʂu̯a (ə (短促, 无固定调))",轻声
shuo,ʂu̯ɔ˥,一声 (阴平)
shuo,ʂu̯ɔ˧˥,二声 (阳平)
shuo,ʂu̯ɔ˨˩˦,三声 (上声)
shuo,ʂu̯ɔ˥˩,四声 (去声)
shuo,"ʂu̯ɔ (ə (短促, 无固定调))",轻声
shuai,ʂu̯ai̯˥,一声 (阴平)
shuai,ʂu̯ai̯˧˥,二声 (阳平)
shuai,ʂu̯ai̯˨˩˦,三声 (上声)
shuai,ʂu̯ai̯˥˩,四声 (去声)
shuai,"ʂu̯ai̯ (ə (短促, 无固定调))",轻声
shui,ʂuei̯˥,一声 (阴平)
shui,ʂuei̯˧˥,二声 (阳平)
shui,ʂuei̯˨˩˦,三声 (上声)
shui,ʂuei̯˥˩,四声 (去声)
shui,"ʂuei̯ (ə (短促, 无固定调))",轻声
shüe,ʂyɛ˥,一声 (阴平)
shüe,ʂyɛ˧˥,二声 (阳平)
shüe,ʂyɛ˨˩˦,三声 (上声)
shüe,ʂyɛ˥˩,四声 (去声)
shüe,"ʂyɛ (ə (短促, 无固定调))",轻声
sher,ʂaɻ˥,一声 (阴平)
sher,ʂaɻ˧˥,二声 (阳平)
sher,ʂaɻ˨˩˦,三声 (上声)
sher,ʂaɻ˥˩,四声 (去声)
sher,"ʂaɻ (ə (短促, 无固定调))",轻声
shan,ʂan˥,一声 (阴平)
shan,ʂan˧˥,二声 (阳平)
shan,ʂan˨˩˦,三声 (上声)
shan,ʂan˥˩,四声 (去声)
shan,"ʂan (ə (短促, 无固定调))",轻声
shen,ʂən˥,一声 (阴平)
shen,ʂən˧˥,二声 (阳平)
shen,ʂən˨˩˦,三声 (上声)
shen,ʂən˥˩,四声 (去声)
shen,"ʂən (ə (短促, 无固定调))",轻声
shin,ʂin˥,一声 (阴平)
shin,ʂin˧˥,二声 (阳平)
shin,ʂin˨˩˦,三声 (上声)
shin,ʂin˥˩,四声 (去声)
shin,"ʂin (ə (短促, 无固定调))",轻声
shun,ʂu̯ən˥,一声 (阴平)
shun,ʂu̯ən˧˥,二声 (阳平)
shun,ʂu̯ən˨˩˦,三声 (上声)
shun,ʂu̯ən˥˩,四声 (去声)
shun,"ʂu̯ən (ə (短促, 无固定调))",轻声
shün,ʂyn˥,一声 (阴平)
shün,ʂyn˧˥,二声 (阳平)
shün,ʂyn˨˩˦,三声 (上声)
shün,ʂyn˥˩,四声 (去声)
shün,"ʂyn (ə (短促, 无固定调))",轻声
shang,ʂɑŋ˥,一声 (阴平)
shang,ʂɑŋ˧˥,二声 (阳平)
shang,ʂɑŋ˨˩˦,三声 (上声)
shang,ʂɑŋ˥˩,四声 (去声)
shang,"ʂɑŋ (ə (短促, 无固定调))",轻声
sheng,ʂəŋ˥,一声 (阴平)
sheng,ʂəŋ˧˥,二声 (阳平)
sheng,ʂəŋ˨˩˦,三声 (上声)
sheng,ʂəŋ˥˩,四声 (去声)
sheng,"ʂəŋ (ə (短促, 无固定调))",轻声
shing,ʂiŋ˥,一声 (阴平)
shing,ʂiŋ˧˥,二声 (阳平)
shing,ʂiŋ˨˩˦,三声 (上声)
shing,ʂiŋ˥˩,四声 (去声)
shing,"ʂiŋ (ə (短促, 无固定调))",轻声
shong,ʂʊŋ˥,一声 (阴平)
shong,ʂʊŋ˧˥,二声 (阳平)
shong,ʂʊŋ˨˩˦,三声 (上声)
shong,ʂʊŋ˥˩,四声 (去声)
shong,"ʂʊŋ (ə (短促, 无固定调))",轻声
ra,ʐa˥,一声 (阴平)
ra,ʐa˧˥,二声 (阳平)
ra,ʐa˨˩˦,三声 (上声)
ra,ʐa˥˩,四声 (去声)
ra,"ʐa (ə (短促, 无固定调))",轻声
ro,ʐɔ˥,一声 (阴平)
ro,ʐɔ˧˥,二声 (阳平)
ro,ʐɔ˨˩˦,三声 (上声)
ro,ʐɔ˥˩,四声 (去声)
ro,"ʐɔ (ə (短促, 无固定调))",轻声
re,ʐɤ˥,一声 (阴平)
re,ʐɤ˧˥,二声 (阳平)
re,ʐɤ˨˩˦,三声 (上声)
re,ʐɤ˥˩,四声 (去声)
re,"ʐɤ (ə (短促, 无固定调))",轻声
ri,ʐi˥,一声 (阴平)
ri,ʐi˧˥,二声 (阳平)
ri,ʐi˨˩˦,三声 (上声)
ri,ʐi˥˩,四声 (去声)
ri,"ʐi (ə (短促, 无固定调))",轻声
ru,ʐu˥,一声 (阴平)
ru,ʐu˧˥,二声 (阳平)
ru,ʐu˨˩˦,三声 (上声)
ru,ʐu˥˩,四声 (去声)
ru,"ʐu (ə (短促, 无固定调))",轻声
rü,ʐy˥,一声 (阴平)
rü,ʐy˧˥,二声 (阳平)
rü,ʐy˨˩˦,三声 (上声)
rü,ʐy˥˩,四声 (去声)
rü,"ʐy (ə (短促, 无固定调))",轻声
rai,ʐai̯˥,一声 (阴平)
rai,ʐai̯˧˥,二声 (阳平)
rai,ʐai̯˨˩˦,三声 (上声)
rai,ʐai̯˥˩,四声 (去声)
rai,"ʐai̯ (ə (短促, 无固定调))",轻声
rei,ʐei̯˥,一声 (阴平)
rei,ʐei̯˧˥,二声 (阳平)
rei,ʐei̯˨˩˦,三声 (上声)
rei,ʐei̯˥˩,四声 (去声)
rei,"ʐei̯ (ə (短促, 无固定调))",轻声
rao,ʐau̯˥,一声 (阴平)
rao,ʐau̯˧˥,二声 (阳平)
rao,ʐau̯˨˩˦,三声 (上声)
rao,ʐau̯˥˩,四声 (去声)
rao,"ʐau̯ (ə (短促, 无固定调))",轻声
rou,ʐou̯˥,一声 (阴平)
rou,ʐou̯˧˥,二声 (阳平)
rou,ʐou̯˨˩˦,三声 (上声)
rou,ʐou̯˥˩,四声 (去声)
rou,"ʐou̯ (ə (短促, 无固定调))",轻声
ria,ʐi̯a˥,一声 (阴平)
ria,ʐi̯a˧˥,二声 (阳平)
ria,ʐi̯a˨˩˦,三声 (上声)
ria,ʐi̯a˥˩,四声 (去声)
ria,"ʐi̯a (ə (短促, 无固定调))",轻声
rie,ʐi̯ɛ˥,一声 (阴平)
rie,ʐi̯ɛ˧˥,二声 (阳平)
rie,ʐi̯ɛ˨˩˦,三声 (上声)
rie,ʐi̯ɛ˥˩,四声 (去声)
rie,"ʐi̯ɛ (ə (短促, 无固定调))",轻声
riao,ʐi̯au̯˥,一声 (阴平)
riao,ʐi̯au̯˧˥,二声 (阳平)
riao,ʐi̯au̯˨˩˦,三声 (上声)
riao,ʐi̯au̯˥˩,四声 (去声)
riao,"ʐi̯au̯ (ə (短促, 无固定调))",轻声
riu,ʐiou̯˥,一声 (阴平)
riu,ʐiou̯˧˥,二声 (阳平)
riu,ʐiou̯˨˩˦,三声 (上声)
riu,ʐiou̯˥˩,四声 (去声)
riu,"ʐiou̯ (ə (短促, 无固定调))",轻声
rua,ʐu̯a˥,一声 (阴平)
rua,ʐu̯a˧˥,二声 (阳平)
rua,ʐu̯a˨˩˦,三声 (上声)
rua,ʐu̯a˥˩,四声 (去声)
rua,"ʐu̯a (ə (短促, 无固定调))",轻声
ruo,ʐu̯ɔ˥,一声 (阴平)
ruo,ʐu̯ɔ˧˥,二声 (阳平)
ruo,ʐu̯ɔ˨˩˦,三声 (上声)
ruo,ʐu̯ɔ˥˩,四声 (去声)
ruo,"ʐu̯ɔ (ə (短促, 无固定调))",轻声
ruai,ʐu̯ai̯˥,一声 (阴平)
ruai,ʐu̯ai̯˧˥,二声 (阳平)
ruai,ʐu̯ai̯˨˩˦,三声 (上声)
ruai,ʐu̯ai̯˥˩,四声 (去声)
ruai,"ʐu̯ai̯ (ə (短促, 无固定调))",轻声
rui,ʐuei̯˥,一声 (阴平)
rui,ʐuei̯˧˥,二声 (阳平)
rui,ʐuei̯˨˩˦,三声 (上声)
rui,ʐuei̯˥˩,四声 (去声)
rui,"ʐuei̯ (ə (短促, 无固定调))",轻声
rüe,ʐyɛ˥,一声 (阴平)
rüe,ʐyɛ˧˥,二声 (阳平)
rüe,ʐyɛ˨˩˦,三声 (上声)
rüe,ʐyɛ˥˩,四声 (去声)
rüe,"ʐyɛ (ə (短促, 无固定调))",轻声
rer,ʐaɻ˥,一声 (阴平)
rer,ʐaɻ˧˥,二声 (阳平)
rer,ʐaɻ˨˩˦,三声 (上声)
rer,ʐaɻ˥˩,四声 (去声)
rer,"ʐaɻ (ə (短促, 无固定调))",轻声
ran,ʐan˥,一声 (阴平)
ran,ʐan˧˥,二声 (阳平)
ran,ʐan˨˩˦,三声 (上声)
ran,ʐan˥˩,四声 (去声)
ran,"ʐan (ə (短促, 无固定调))",轻声
ren,ʐən˥,一声 (阴平)
ren,ʐən˧˥,二声 (阳平)
ren,ʐən˨˩˦,三声 (上声)
ren,ʐən˥˩,四声 (去声)
ren,"ʐən (ə (短促, 无固定调))",轻声
rin,ʐin˥,一声 (阴平)
rin,ʐin˧˥,二声 (阳平)
rin,ʐin˨˩˦,三声 (上声)
rin,ʐin˥˩,四声 (去声)
rin,"ʐin (ə (短促, 无固定调))",轻声
run,ʐu̯ən˥,一声 (阴平)
run,ʐu̯ən˧˥,二声 (阳平)
run,ʐu̯ən˨˩˦,三声 (上声)
run,ʐu̯ən˥˩,四声 (去声)
run,"ʐu̯ən (ə (短促, 无固定调))",轻声
rün,ʐyn˥,一声 (阴平)
rün,ʐyn˧˥,二声 (阳平)
rün,ʐyn˨˩˦,三声 (上声)
rün,ʐyn˥˩,四声 (去声)
rün,"ʐyn (ə (短促, 无固定调))",轻声
rang,ʐɑŋ˥,一声 (阴平)
rang,ʐɑŋ˧˥,二声 (阳平)
rang,ʐɑŋ˨˩˦,三声 (上声)
rang,ʐɑŋ˥˩,四声 (去声)
rang,"ʐɑŋ (ə (短促, 无固定调))",轻声
reng,ʐəŋ˥,一声 (阴平)
reng,ʐəŋ˧˥,二声 (阳平)
reng,ʐəŋ˨˩˦,三声 (上声)
reng,ʐəŋ˥˩,四声 (去声)
reng,"ʐəŋ (ə (短促, 无固定调))",轻声
ring,ʐiŋ˥,一声 (阴平)
ring,ʐiŋ˧˥,二声 (阳平)
ring,ʐiŋ˨˩˦,三声 (上声)
ring,ʐiŋ˥˩,四声 (去声)
ring,"ʐiŋ (ə (短促, 无固定调))",轻声
rong,ʐʊŋ˥,一声 (阴平)
rong,ʐʊŋ˧˥,二声 (阳平)
rong,ʐʊŋ˨˩˦,三声 (上声)
rong,ʐʊŋ˥˩,四声 (去声)
rong,"ʐʊŋ (ə (短促, 无固定调))",轻声
za,tsa˥,一声 (阴平)
za,tsa˧˥,二声 (阳平)
za,tsa˨˩˦,三声 (上声)
za,tsa˥˩,四声 (去声)
za,"tsa (ə (短促, 无固定调))",轻声
zo,tsɔ˥,一声 (阴平)
zo,tsɔ˧˥,二声 (阳平)
zo,tsɔ˨˩˦,三声 (上声)
zo,tsɔ˥˩,四声 (去声)
zo,"tsɔ (ə (短促, 无固定调))",轻声
ze,tsɤ˥,一声 (阴平)
ze,tsɤ˧˥,二声 (阳平)
ze,tsɤ˨˩˦,三声 (上声)
ze,tsɤ˥˩,四声 (去声)
ze,"tsɤ (ə (短促, 无固定调))",轻声
zi,tsi˥,一声 (阴平)
zi,tsi˧˥,二声 (阳平)
zi,tsi˨˩˦,三声 (上声)
zi,tsi˥˩,四声 (去声)
zi,"tsi (ə (短促, 无固定调))",轻声
zu,tsu˥,一声 (阴平)
zu,tsu˧˥,二声 (阳平)
zu,tsu˨˩˦,三声 (上声)
zu,tsu˥˩,四声 (去声)
zu,"tsu (ə (短促, 无固定调))",轻声
zü,tsy˥,一声 (阴平)
zü,tsy˧˥,二声 (阳平)
zü,tsy˨˩˦,三声 (上声)
zü,tsy˥˩,四声 (去声)
zü,"tsy (ə (短促, 无固定调))",轻声
zai,tsai̯˥,一声 (阴平)
zai,tsai̯˧˥,二声 (阳平)
zai,tsai̯˨˩˦,三声 (上声)
zai,tsai̯˥˩,四声 (去声)
zai,"tsai̯ (ə (短促, 无固定调))",轻声
zei,tsei̯˥,一声 (阴平)
zei,tsei̯˧˥,二声 (阳平)
zei,tsei̯˨˩˦,三声 (上声)
zei,tsei̯˥˩,四声 (去声)
zei,"tsei̯ (ə (短促, 无固定调))",轻声
zao,tsau̯˥,一声 (阴平)
zao,tsau̯˧˥,二声 (阳平)
zao,tsau̯˨˩˦,三声 (上声)
zao,tsau̯˥˩,四声 (去声)
zao,"tsau̯ (ə (短促, 无固定调))",轻声
zou,tsou̯˥,一声 (阴平)
zou,tsou̯˧˥,二声 (阳平)
zou,tsou̯˨˩˦,三声 (上声)
zou,tsou̯˥˩,四声 (去声)
zou,"tsou̯ (ə (短促, 无固定调))",轻声
zia,tsi̯a˥,一声 (阴平)
zia,tsi̯a˧˥,二声 (阳平)
zia,tsi̯a˨˩˦,三声 (上声)
zia,tsi̯a˥˩,四声 (去声)
zia,"tsi̯a (ə (短促, 无固定调))",轻声
zie,tsi̯ɛ˥,一声 (阴平)
zie,tsi̯ɛ˧˥,二声 (阳平)
zie,tsi̯ɛ˨˩˦,三声 (上声)
zie,tsi̯ɛ˥˩,四声 (去声)
zie,"tsi̯ɛ (ə (短促, 无固定调))",轻声
ziao,tsi̯au̯˥,一声 (阴平)
ziao,tsi̯au̯˧˥,二声 (阳平)
ziao,tsi̯au̯˨˩˦,三声 (上声)
ziao,tsi̯au̯˥˩,四声 (去声)
ziao,"tsi̯au̯ (ə (短促, 无固定调))",轻声
ziu,tsiou̯˥,一声 (阴平)
ziu,tsiou̯˧˥,二声 (阳平)
ziu,tsiou̯˨˩˦,三声 (上声)
ziu,tsiou̯˥˩,四声 (去声)
ziu,"tsiou̯ (ə (短促, 无固定调))",轻声
zua,tsu̯a˥,一声 (阴平)
zua,tsu̯a˧˥,二声 (阳平)
zua,tsu̯a˨˩˦,三声 (上声)
zua,tsu̯a˥˩,四声 (去声)
zua,"tsu̯a (ə (短促, 无固定调))",轻声
zuo,tsu̯ɔ˥,一声 (阴平)
zuo,tsu̯ɔ˧˥,二声 (阳平)
zuo,tsu̯ɔ˨˩˦,三声 (上声)
zuo,tsu̯ɔ˥˩,四声 (去声)
zuo,"tsu̯ɔ (ə (短促, 无固定调))",轻声
zuai,tsu̯ai̯˥,一声 (阴平)
zuai,tsu̯ai̯˧˥,二声 (阳平)
zuai,tsu̯ai̯˨˩˦,三声 (上声)
zuai,tsu̯ai̯˥˩,四声 (去声)
zuai,"tsu̯ai̯ (ə (短促, 无固定调))",轻声
zui,tsuei̯˥,一声 (阴平)
zui,tsuei̯˧˥,二声 (阳平)
zui,tsuei̯˨˩˦,三声 (上声)
zui,tsuei̯˥˩,四声 (去声)
zui,"tsuei̯ (ə (短促, 无固定调))",轻声
züe,tsyɛ˥,一声 (阴平)
züe,tsyɛ˧˥,二声 (阳平)
züe,tsyɛ˨˩˦,三声 (上声)
züe,tsyɛ˥˩,四声 (去声)
züe,"tsyɛ (ə (短促, 无固定调))",轻声
zer,tsaɻ˥,一声 (阴平)
zer,tsaɻ˧˥,二声 (阳平)
zer,tsaɻ˨˩˦,三声 (上声)
zer,tsaɻ˥˩,四声 (去声)
zer,"tsaɻ (ə (短促, 无固定调))",轻声
zan,tsan˥,一声 (阴平)
zan,tsan˧˥,二声 (阳平)
zan,tsan˨˩˦,三声 (上声)
zan,tsan˥˩,四声 (去声)
zan,"tsan (ə (短促, 无固定调))",轻声
zen,tsən˥,一声 (阴平)
zen,tsən˧˥,二声 (阳平)
zen,tsən˨˩˦,三声 (上声)
zen,tsən˥˩,四声 (去声)
zen,"tsən (ə (短促, 无固定调))",轻声
zin,tsin˥,一声 (阴平)
zin,tsin˧˥,二声 (阳平)
zin,tsin˨˩˦,三声 (上声)
zin,tsin˥˩,四声 (去声)
zin,"tsin (ə (短促, 无固定调))",轻声
zun,tsu̯ən˥,一声 (阴平)
zun,tsu̯ən˧˥,二声 (阳平)
zun,tsu̯ən˨˩˦,三声 (上声)
zun,tsu̯ən˥˩,四声 (去声)
zun,"tsu̯ən (ə (短促, 无固定调))",轻声
zün,tsyn˥,一声 (阴平)
zün,tsyn˧˥,二声 (阳平)
zün,tsyn˨˩˦,三声 (上声)
zün,tsyn˥˩,四声 (去声)
zün,"tsyn (ə (短促, 无固定调))",轻声
zang,tsɑŋ˥,一声 (阴平)
zang,tsɑŋ˧˥,二声 (阳平)
zang,tsɑŋ˨˩˦,三声 (上声)
zang,tsɑŋ˥˩,四声 (去声)
zang,"tsɑŋ (ə (短促, 无固定调))",轻声
zeng,tsəŋ˥,一声 (阴平)
zeng,tsəŋ˧˥,二声 (阳平)
zeng,tsəŋ˨˩˦,三声 (上声)
zeng,tsəŋ˥˩,四声 (去声)
zeng,"tsəŋ (ə (短促, 无固定调))",轻声
zing,tsiŋ˥,一声 (阴平)
zing,tsiŋ˧˥,二声 (阳平)
zing,tsiŋ˨˩˦,三声 (上声)
zing,tsiŋ˥˩,四声 (去声)
zing,"tsiŋ (ə (短促, 无固定调))",轻声
zong,tsʊŋ˥,一声 (阴平)
zong,tsʊŋ˧˥,二声 (阳平)
zong,tsʊŋ˨˩˦,三声 (上声)
zong,tsʊŋ˥˩,四声 (去声)
zong,"tsʊŋ (ə (短促, 无固定调))",轻声
ca,tsʰa˥,一声 (阴平)
ca,tsʰa˧˥,二声 (阳平)
ca,tsʰa˨˩˦,三声 (上声)
ca,tsʰa˥˩,四声 (去声)
ca,"tsʰa (ə (短促, 无固定调))",轻声
co,tsʰɔ˥,一声 (阴平)
co,tsʰɔ˧˥,二声 (阳平)
co,tsʰɔ˨˩˦,三声 (上声)
co,tsʰɔ˥˩,四声 (去声)
co,"tsʰɔ (ə (短促, 无固定调))",轻声
ce,tsʰɤ˥,一声 (阴平)
ce,tsʰɤ˧˥,二声 (阳平)
ce,tsʰɤ˨˩˦,三声 (上声)
ce,tsʰɤ˥˩,四声 (去声)
ce,"tsʰɤ (ə (短促, 无固定调))",轻声
ci,tsʰi˥,一声 (阴平)
ci,tsʰi˧˥,二声 (阳平)
ci,tsʰi˨˩˦,三声 (上声)
ci,tsʰi˥˩,四声 (去声)
ci,"tsʰi (ə (短促, 无固定调))",轻声
cu,tsʰu˥,一声 (阴平)
cu,tsʰu˧˥,二声 (阳平)
cu,tsʰu˨˩˦,三声 (上声)
cu,tsʰu˥˩,四声 (去声)
cu,"tsʰu (ə (短促, 无固定调))",轻声
cü,tsʰy˥,一声 (阴平)
cü,tsʰy˧˥,二声 (阳平)
cü,tsʰy˨˩˦,三声 (上声)
cü,tsʰy˥˩,四声 (去声)
cü,"tsʰy (ə (短促, 无固定调))",轻声
cai,tsʰai̯˥,一声 (阴平)
cai,tsʰai̯˧˥,二声 (阳平)
cai,tsʰai̯˨˩˦,三声 (上声)
cai,tsʰai̯˥˩,四声 (去声)
cai,"tsʰai̯ (ə (短促, 无固定调))",轻声
cei,tsʰei̯˥,一声 (阴平)
cei,tsʰei̯˧˥,二声 (阳平)
cei,tsʰei̯˨˩˦,三声 (上声)
cei,tsʰei̯˥˩,四声 (去声)
cei,"tsʰei̯ (ə (短促, 无固定调))",轻声
cao,tsʰau̯˥,一声 (阴平)
cao,tsʰau̯˧˥,二声 (阳平)
cao,tsʰau̯˨˩˦,三声 (上声)
cao,tsʰau̯˥˩,四声 (去声)
cao,"tsʰau̯ (ə (短促, 无固定调))",轻声
cou,tsʰou̯˥,一声 (阴平)
cou,tsʰou̯˧˥,二声 (阳平)
cou,tsʰou̯˨˩˦,三声 (上声)
cou,tsʰou̯˥˩,四声 (去声)
cou,"tsʰou̯ (ə (短促, 无固定调))",轻声
cia,tsʰi̯a˥,一声 (阴平)
cia,tsʰi̯a˧˥,二声 (阳平)
cia,tsʰi̯a˨˩˦,三声 (上声)
cia,tsʰi̯a˥˩,四声 (去声)
cia,"tsʰi̯a (ə (短促, 无固定调))",轻声
cie,tsʰi̯ɛ˥,一声 (阴平)
cie,tsʰi̯ɛ˧˥,二声 (阳平)
cie,tsʰi̯ɛ˨˩˦,三声 (上声)
cie,tsʰi̯ɛ˥˩,四声 (去声)
cie,"tsʰi̯ɛ (ə (短促, 无固定调))",轻声
ciao,tsʰi̯au̯˥,一声 (阴平)
ciao,tsʰi̯au̯˧˥,二声 (阳平)
ciao,tsʰi̯au̯˨˩˦,三声 (上声)
ciao,tsʰi̯au̯˥˩,四声 (去声)
ciao,"tsʰi̯au̯ (ə (短促, 无固定调))",轻声
ciu,tsʰiou̯˥,一声 (阴平)
ciu,tsʰiou̯˧˥,二声 (阳平)
ciu,tsʰiou̯˨˩˦,三声 (上声)
ciu,tsʰiou̯˥˩,四声 (去声)
ciu,"tsʰiou̯ (ə (短促, 无固定调))",轻声
cua,tsʰu̯a˥,一声 (阴平)
cua,tsʰu̯a˧˥,二声 (阳平)
cua,tsʰu̯a˨˩˦,三声 (上声)
cua,tsʰu̯a˥˩,四声 (去声)
cua,"tsʰu̯a (ə (短促, 无固定调))",轻声
cuo,tsʰu̯ɔ˥,一声 (阴平)
cuo,tsʰu̯ɔ˧˥,二声 (阳平)
cuo,tsʰu̯ɔ˨˩˦,三声 (上声)
cuo,tsʰu̯ɔ˥˩,四声 (去声)
cuo,"tsʰu̯ɔ (ə (短促, 无固定调))",轻声
cuai,tsʰu̯ai̯˥,一声 (阴平)
cuai,tsʰu̯ai̯˧˥,二声 (阳平)
cuai,tsʰu̯ai̯˨˩˦,三声 (上声)
cuai,tsʰu̯ai̯˥˩,四声 (去声)
cuai,"tsʰu̯ai̯ (ə (短促, 无固定调))",轻声
cui,tsʰuei̯˥,一声 (阴平)
cui,tsʰuei̯˧˥,二声 (阳平)
cui,tsʰuei̯˨˩˦,三声 (上声)
cui,tsʰuei̯˥˩,四声 (去声)
cui,"tsʰuei̯ (ə (短促, 无固定调))",轻声
cüe,tsʰyɛ˥,一声 (阴平)
cüe,tsʰyɛ˧˥,二声 (阳平)
cüe,tsʰyɛ˨˩˦,三声 (上声)
cüe,tsʰyɛ˥˩,四声 (去声)
cüe,"tsʰyɛ (ə (短促, 无固定调))",轻声
cer,tsʰaɻ˥,一声 (阴平)
cer,tsʰaɻ˧˥,二声 (阳平)
cer,tsʰaɻ˨˩˦,三声 (上声)
cer,tsʰaɻ˥˩,四声 (去声)
cer,"tsʰaɻ (ə (短促, 无固定调))",轻声
can,tsʰan˥,一声 (阴平)
can,tsʰan˧˥,二声 (阳平)
can,tsʰan˨˩˦,三声 (上声)
can,tsʰan˥˩,四声 (去声)
can,"tsʰan (ə (短促, 无固定调))",轻声
cen,tsʰən˥,一声 (阴平)
cen,tsʰən˧˥,二声 (阳平)
cen,tsʰən˨˩˦,三声 (上声)
cen,tsʰən˥˩,四声 (去声)
cen,"tsʰən (ə (短促, 无固定调))",轻声
cin,tsʰin˥,一声 (阴平)
cin,tsʰin˧˥,二声 (阳平)
cin,tsʰin˨˩˦,三声 (上声)
cin,tsʰin˥˩,四声 (去声)
cin,"tsʰin (ə (短促, 无固定调))",轻声
cun,tsʰu̯ən˥,一声 (阴平)
cun,tsʰu̯ən˧˥,二声 (阳平)
cun,tsʰu̯ən˨˩˦,三声 (上声)
cun,tsʰu̯ən˥˩,四声 (去声)
cun,"tsʰu̯ən (ə (短促, 无固定调))",轻声
cün,tsʰyn˥,一声 (阴平)
cün,tsʰyn˧˥,二声 (阳平)
cün,tsʰyn˨˩˦,三声 (上声)
cün,tsʰyn˥˩,四声 (去声)
cün,"tsʰyn (ə (短促, 无固定调))",轻声
cang,tsʰɑŋ˥,一声 (阴平)
cang,tsʰɑŋ˧˥,二声 (阳平)
cang,tsʰɑŋ˨˩˦,三声 (上声)
cang,tsʰɑŋ˥˩,四声 (去声)
cang,"tsʰɑŋ (ə (短促, 无固定调))",轻声
ceng,tsʰəŋ˥,一声 (阴平)
ceng,tsʰəŋ˧˥,二声 (阳平)
ceng,tsʰəŋ˨˩˦,三声 (上声)
ceng,tsʰəŋ˥˩,四声 (去声)
ceng,"tsʰəŋ (ə (短促, 无固定调))",轻声
cing,tsʰiŋ˥,一声 (阴平)
cing,tsʰiŋ˧˥,二声 (阳平)
cing,tsʰiŋ˨˩˦,三声 (上声)
cing,tsʰiŋ˥˩,四声 (去声)
cing,"tsʰiŋ (ə (短促, 无固定调))",轻声
cong,tsʰʊŋ˥,一声 (阴平)
cong,tsʰʊŋ˧˥,二声 (阳平)
cong,tsʰʊŋ˨˩˦,三声 (上声)
cong,tsʰʊŋ˥˩,四声 (去声)
cong,"tsʰʊŋ (ə (短促, 无固定调))",轻声
sa,sa˥,一声 (阴平)
sa,sa˧˥,二声 (阳平)
sa,sa˨˩˦,三声 (上声)
sa,sa˥˩,四声 (去声)
sa,"sa (ə (短促, 无固定调))",轻声
so,sɔ˥,一声 (阴平)
so,sɔ˧˥,二声 (阳平)
so,sɔ˨˩˦,三声 (上声)
so,sɔ˥˩,四声 (去声)
so,"sɔ (ə (短促, 无固定调))",轻声
se,sɤ˥,一声 (阴平)
se,sɤ˧˥,二声 (阳平)
se,sɤ˨˩˦,三声 (上声)
se,sɤ˥˩,四声 (去声)
se,"sɤ (ə (短促, 无固定调))",轻声
si,si˥,一声 (阴平)
si,si˧˥,二声 (阳平)
si,si˨˩˦,三声 (上声)
si,si˥˩,四声 (去声)
si,"si (ə (短促, 无固定调))",轻声
su,su˥,一声 (阴平)
su,su˧˥,二声 (阳平)
su,su˨˩˦,三声 (上声)
su,su˥˩,四声 (去声)
su,"su (ə (短促, 无固定调))",轻声
sü,sy˥,一声 (阴平)
sü,sy˧˥,二声 (阳平)
sü,sy˨˩˦,三声 (上声)
sü,sy˥˩,四声 (去声)
sü,"sy (ə (短促, 无固定调))",轻声
sai,sai̯˥,一声 (阴平)
sai,sai̯˧˥,二声 (阳平)
sai,sai̯˨˩˦,三声 (上声)
sai,sai̯˥˩,四声 (去声)
sai,"sai̯ (ə (短促, 无固定调))",轻声
sei,sei̯˥,一声 (阴平)
sei,sei̯˧˥,二声 (阳平)
sei,sei̯˨˩˦,三声 (上声)
sei,sei̯˥˩,四声 (去声)
sei,"sei̯ (ə (短促, 无固定调))",轻声
sao,sau̯˥,一声 (阴平)
sao,sau̯˧˥,二声 (阳平)
sao,sau̯˨˩˦,三声 (上声)
sao,sau̯˥˩,四声 (去声)
sao,"sau̯ (ə (短促, 无固定调))",轻声
sou,sou̯˥,一声 (阴平)
sou,sou̯˧˥,二声 (阳平)
sou,sou̯˨˩˦,三声 (上声)
sou,sou̯˥˩,四声 (去声)
sou,"sou̯ (ə (短促, 无固定调))",轻声
sia,si̯a˥,一声 (阴平)
sia,si̯a˧˥,二声 (阳平)
sia,si̯a˨˩˦,三声 (上声)
sia,si̯a˥˩,四声 (去声)
sia,"si̯a (ə (短促, 无固定调))",轻声
sie,si̯ɛ˥,一声 (阴平)
sie,si̯ɛ˧˥,二声 (阳平)
sie,si̯ɛ˨˩˦,三声 (上声)
sie,si̯ɛ˥˩,四声 (去声)
sie,"si̯ɛ (ə (短促, 无固定调))",轻声
siao,si̯au̯˥,一声 (阴平)
siao,si̯au̯˧˥,二声 (阳平)
siao,si̯au̯˨˩˦,三声 (上声)
siao,si̯au̯˥˩,四声 (去声)
siao,"si̯au̯ (ə (短促, 无固定调))",轻声
siu,siou̯˥,一声 (阴平)
siu,siou̯˧˥,二声 (阳平)
siu,siou̯˨˩˦,三声 (上声)
siu,siou̯˥˩,四声 (去声)
siu,"siou̯ (ə (短促, 无固定调))",轻声
sua,su̯a˥,一声 (阴平)
sua,su̯a˧˥,二声 (阳平)
sua,su̯a˨˩˦,三声 (上声)
sua,su̯a˥˩,四声 (去声)
sua,"su̯a (ə (短促, 无固定调))",轻声
suo,su̯ɔ˥,一声 (阴平)
suo,su̯ɔ˧˥,二声 (阳平)
suo,su̯ɔ˨˩˦,三声 (上声)
suo,su̯ɔ˥˩,四声 (去声)
suo,"su̯ɔ (ə (短促, 无固定调))",轻声
suai,su̯ai̯˥,一声 (阴平)
suai,su̯ai̯˧˥,二声 (阳平)
suai,su̯ai̯˨˩˦,三声 (上声)
suai,su̯ai̯˥˩,四声 (去声)
suai,"su̯ai̯ (ə (短促, 无固定调))",轻声
sui,suei̯˥,一声 (阴平)
sui,suei̯˧˥,二声 (阳平)
sui,suei̯˨˩˦,三声 (上声)
sui,suei̯˥˩,四声 (去声)
sui,"suei̯ (ə (短促, 无固定调))",轻声
süe,syɛ˥,一声 (阴平)
süe,syɛ˧˥,二声 (阳平)
süe,syɛ˨˩˦,三声 (上声)
süe,syɛ˥˩,四声 (去声)
süe,"syɛ (ə (短促, 无固定调))",轻声
ser,saɻ˥,一声 (阴平)
ser,saɻ˧˥,二声 (阳平)
ser,saɻ˨˩˦,三声 (上声)
ser,saɻ˥˩,四声 (去声)
ser,"saɻ (ə (短促, 无固定调))",轻声
san,san˥,一声 (阴平)
san,san˧˥,二声 (阳平)
san,san˨˩˦,三声 (上声)
san,san˥˩,四声 (去声)
san,"san (ə (短促, 无固定调))",轻声
sen,sən˥,一声 (阴平)
sen,sən˧˥,二声 (阳平)
sen,sən˨˩˦,三声 (上声)
sen,sən˥˩,四声 (去声)
sen,"sən (ə (短促, 无固定调))",轻声
sin,sin˥,一声 (阴平)
sin,sin˧˥,二声 (阳平)
sin,sin˨˩˦,三声 (上声)
sin,sin˥˩,四声 (去声)
sin,"sin (ə (短促, 无固定调))",轻声
sun,su̯ən˥,一声 (阴平)
sun,su̯ən˧˥,二声 (阳平)
sun,su̯ən˨˩˦,三声 (上声)
sun,su̯ən˥˩,四声 (去声)
sun,"su̯ən (ə (短促, 无固定调))",轻声
sün,syn˥,一声 (阴平)
sün,syn˧˥,二声 (阳平)
sün,syn˨˩˦,三声 (上声)
sün,syn˥˩,四声 (去声)
sün,"syn (ə (短促, 无固定调))",轻声
sang,sɑŋ˥,一声 (阴平)
sang,sɑŋ˧˥,二声 (阳平)
sang,sɑŋ˨˩˦,三声 (上声)
sang,sɑŋ˥˩,四声 (去声)
sang,"sɑŋ (ə (短促, 无固定调))",轻声
seng,səŋ˥,一声 (阴平)
seng,səŋ˧˥,二声 (阳平)
seng,səŋ˨˩˦,三声 (上声)
seng,səŋ˥˩,四声 (去声)
seng,"səŋ (ə (短促, 无固定调))",轻声
sing,siŋ˥,一声 (阴平)
sing,siŋ˧˥,二声 (阳平)
sing,siŋ˨˩˦,三声 (上声)
sing,siŋ˥˩,四声 (去声)
sing,"siŋ (ə (短促, 无固定调))",轻声
song,sʊŋ˥,一声 (阴平)
song,sʊŋ˧˥,二声 (阳平)
song,sʊŋ˨˩˦,三声 (上声)
song,sʊŋ˥˩,四声 (去声)
song,"sʊŋ (ə (短促, 无固定调))",轻声
ya,ja˥,一声 (阴平)
ya,ja˧˥,二声 (阳平)
ya,ja˨˩˦,三声 (上声)
ya,ja˥˩,四声 (去声)
ya,"ja (ə (短促, 无固定调))",轻声
yo,jɔ˥,一声 (阴平)
yo,jɔ˧˥,二声 (阳平)
yo,jɔ˨˩˦,三声 (上声)
yo,jɔ˥˩,四声 (去声)
yo,"jɔ (ə (短促, 无固定调))",轻声
ye,jɤ˥,一声 (阴平)
ye,jɤ˧˥,二声 (阳平)
ye,jɤ˨˩˦,三声 (上声)
ye,jɤ˥˩,四声 (去声)
ye,"jɤ (ə (短促, 无固定调))",轻声
yi,ji˥,一声 (阴平)
yi,ji˧˥,二声 (阳平)
yi,ji˨˩˦,三声 (上声)
yi,ji˥˩,四声 (去声)
yi,"ji (ə (短促, 无固定调))",轻声
yu,ju˥,一声 (阴平)
yu,ju˧˥,二声 (阳平)
yu,ju˨˩˦,三声 (上声)
yu,ju˥˩,四声 (去声)
yu,"ju (ə (短促, 无固定调))",轻声
yü,jy˥,一声 (阴平)
yü,jy˧˥,二声 (阳平)
yü,jy˨˩˦,三声 (上声)
yü,jy˥˩,四声 (去声)
yü,"jy (ə (短促, 无固定调))",轻声
yai,jai̯˥,一声 (阴平)
yai,jai̯˧˥,二声 (阳平)
yai,jai̯˨˩˦,三声 (上声)
yai,jai̯˥˩,四声 (去声)
yai,"jai̯ (ə (短促, 无固定调))",轻声
yei,jei̯˥,一声 (阴平)
yei,jei̯˧˥,二声 (阳平)
yei,jei̯˨˩˦,三声 (上声)
yei,jei̯˥˩,四声 (去声)
yei,"jei̯ (ə (短促, 无固定调))",轻声
yao,jau̯˥,一声 (阴平)
yao,jau̯˧˥,二声 (阳平)
yao,jau̯˨˩˦,三声 (上声)
yao,jau̯˥˩,四声 (去声)
yao,"jau̯ (ə (短促, 无固定调))",轻声
you,jou̯˥,一声 (阴平)
you,jou̯˧˥,二声 (阳平)
you,jou̯˨˩˦,三声 (上声)
you,jou̯˥˩,四声 (去声)
you,"jou̯ (ə (短促, 无固定调))",轻声
yia,ji̯a˥,一声 (阴平)
yia,ji̯a˧˥,二声 (阳平)
yia,ji̯a˨˩˦,三声 (上声)
yia,ji̯a˥˩,四声 (去声)
yia,"ji̯a (ə (短促, 无固定调))",轻声
yie,ji̯ɛ˥,一声 (阴平)
yie,ji̯ɛ˧˥,二声 (阳平)
yie,ji̯ɛ˨˩˦,三声 (上声)
yie,ji̯ɛ˥˩,四声 (去声)
yie,"ji̯ɛ (ə (短促, 无固定调))",轻声
yiao,ji̯au̯˥,一声 (阴平)
yiao,ji̯au̯˧˥,二声 (阳平)
yiao,ji̯au̯˨˩˦,三声 (上声)
yiao,ji̯au̯˥˩,四声 (去声)
yiao,"ji̯au̯ (ə (短促, 无固定调))",轻声
yiu,jiou̯˥,一声 (阴平)
yiu,jiou̯˧˥,二声 (阳平)
yiu,jiou̯˨˩˦,三声 (上声)
yiu,jiou̯˥˩,四声 (去声)
yiu,"jiou̯ (ə (短促, 无固定调))",轻声
yua,ju̯a˥,一声 (阴平)
yua,ju̯a˧˥,二声 (阳平)
yua,ju̯a˨˩˦,三声 (上声)
yua,ju̯a˥˩,四声 (去声)
yua,"ju̯a (ə (短促, 无固定调))",轻声
yuo,ju̯ɔ˥,一声 (阴平)
yuo,ju̯ɔ˧˥,二声 (阳平)
yuo,ju̯ɔ˨˩˦,三声 (上声)
yuo,ju̯ɔ˥˩,四声 (去声)
yuo,"ju̯ɔ (ə (短促, 无固定调))",轻声
yuai,ju̯ai̯˥,一声 (阴平)
yuai,ju̯ai̯˧˥,二声 (阳平)
yuai,ju̯ai̯˨˩˦,三声 (上声)
yuai,ju̯ai̯˥˩,四声 (去声)
yuai,"ju̯ai̯ (ə (短促, 无固定调))",轻声
yui,juei̯˥,一声 (阴平)
yui,juei̯˧˥,二声 (阳平)
yui,juei̯˨˩˦,三声 (上声)
yui,juei̯˥˩,四声 (去声)
yui,"juei̯ (ə (短促, 无固定调))",轻声
yüe,jyɛ˥,一声 (阴平)
yüe,jyɛ˧˥,二声 (阳平)
yüe,jyɛ˨˩˦,三声 (上声)
yüe,jyɛ˥˩,四声 (去声)
yüe,"jyɛ (ə (短促, 无固定调))",轻声
yer,jaɻ˥,一声 (阴平)
yer,jaɻ˧˥,二声 (阳平)
yer,jaɻ˨˩˦,三声 (上声)
yer,jaɻ˥˩,四声 (去声)
yer,"jaɻ (ə (短促, 无固定调))",轻声
yan,jan˥,一声 (阴平)
yan,jan˧˥,二声 (阳平)
yan,jan˨˩˦,三声 (上声)
yan,jan˥˩,四声 (去声)
yan,"jan (ə (短促, 无固定调))",轻声
yen,jən˥,一声 (阴平)
yen,jən˧˥,二声 (阳平)
yen,jən˨˩˦,三声 (上声)
yen,jən˥˩,四声 (去声)
yen,"jən (ə (短促, 无固定调))",轻声
yin,jin˥,一声 (阴平)
yin,jin˧˥,二声 (阳平)
yin,jin˨˩˦,三声 (上声)
yin,jin˥˩,四声 (去声)
yin,"jin (ə (短促, 无固定调))",轻声
yun,ju̯ən˥,一声 (阴平)
yun,ju̯ən˧˥,二声 (阳平)
yun,ju̯ən˨˩˦,三声 (上声)
yun,ju̯ən˥˩,四声 (去声)
yun,"ju̯ən (ə (短促, 无固定调))",轻声
yün,jyn˥,一声 (阴平)
yün,jyn˧˥,二声 (阳平)
yün,jyn˨˩˦,三声 (上声)
yün,jyn˥˩,四声 (去声)
yün,"jyn (ə (短促, 无固定调))",轻声
yang,jɑŋ˥,一声 (阴平)
yang,jɑŋ˧˥,二声 (阳平)
yang,jɑŋ˨˩˦,三声 (上声)
yang,jɑŋ˥˩,四声 (去声)
yang,"jɑŋ (ə (短促, 无固定调))",轻声
yeng,jəŋ˥,一声 (阴平)
yeng,jəŋ˧˥,二声 (阳平)
yeng,jəŋ˨˩˦,三声 (上声)
yeng,jəŋ˥˩,四声 (去声)
yeng,"jəŋ (ə (短促, 无固定调))",轻声
ying,jiŋ˥,一声 (阴平)
ying,jiŋ˧˥,二声 (阳平)
ying,jiŋ˨˩˦,三声 (上声)
ying,jiŋ˥˩,四声 (去声)
ying,"jiŋ (ə (短促, 无固定调))",轻声
yong,jʊŋ˥,一声 (阴平)
yong,jʊŋ˧˥,二声 (阳平)
yong,jʊŋ˨˩˦,三声 (上声)
yong,jʊŋ˥˩,四声 (去声)
yong,"jʊŋ (ə (短促, 无固定调))",轻声
wa,wa˥,一声 (阴平)
wa,wa˧˥,二声 (阳平)
wa,wa˨˩˦,三声 (上声)
wa,wa˥˩,四声 (去声)
wa,"wa (ə (短促, 无固定调))",轻声
wo,wɔ˥,一声 (阴平)
wo,wɔ˧˥,二声 (阳平)
wo,wɔ˨˩˦,三声 (上声)
wo,wɔ˥˩,四声 (去声)
wo,"wɔ (ə (短促, 无固定调))",轻声
we,wɤ˥,一声 (阴平)
we,wɤ˧˥,二声 (阳平)
we,wɤ˨˩˦,三声 (上声)
we,wɤ˥˩,四声 (去声)
we,"wɤ (ə (短促, 无固定调))",轻声
wi,wi˥,一声 (阴平)
wi,wi˧˥,二声 (阳平)
wi,wi˨˩˦,三声 (上声)
wi,wi˥˩,四声 (去声)
wi,"wi (ə (短促, 无固定调))",轻声
wu,wu˥,一声 (阴平)
wu,wu˧˥,二声 (阳平)
wu,wu˨˩˦,三声 (上声)
wu,wu˥˩,四声 (去声)
wu,"wu (ə (短促, 无固定调))",轻声
wü,wy˥,一声 (阴平)
wü,wy˧˥,二声 (阳平)
wü,wy˨˩˦,三声 (上声)
wü,wy˥˩,四声 (去声)
wü,"wy (ə (短促, 无固定调))",轻声
wai,wai̯˥,一声 (阴平)
wai,wai̯˧˥,二声 (阳平)
wai,wai̯˨˩˦,三声 (上声)
wai,wai̯˥˩,四声 (去声)
wai,"wai̯ (ə (短促, 无固定调))",轻声
wei,wei̯˥,一声 (阴平)
wei,wei̯˧˥,二声 (阳平)
wei,wei̯˨˩˦,三声 (上声)
wei,wei̯˥˩,四声 (去声)
wei,"wei̯ (ə (短促, 无固定调))",轻声
wao,wau̯˥,一声 (阴平)
wao,wau̯˧˥,二声 (阳平)
wao,wau̯˨˩˦,三声 (上声)
wao,wau̯˥˩,四声 (去声)
wao,"wau̯ (ə (短促, 无固定调))",轻声
wou,wou̯˥,一声 (阴平)
wou,wou̯˧˥,二声 (阳平)
wou,wou̯˨˩˦,三声 (上声)
wou,wou̯˥˩,四声 (去声)
wou,"wou̯ (ə (短促, 无固定调))",轻声
wia,wi̯a˥,一声 (阴平)
wia,wi̯a˧˥,二声 (阳平)
wia,wi̯a˨˩˦,三声 (上声)
wia,wi̯a˥˩,四声 (去声)
wia,"wi̯a (ə (短促, 无固定调))",轻声
wie,wi̯ɛ˥,一声 (阴平)
wie,wi̯ɛ˧˥,二声 (阳平)
wie,wi̯ɛ˨˩˦,三声 (上声)
wie,wi̯ɛ˥˩,四声 (去声)
wie,"wi̯ɛ (ə (短促, 无固定调))",轻声
wiao,wi̯au̯˥,一声 (阴平)
wiao,wi̯au̯˧˥,二声 (阳平)
wiao,wi̯au̯˨˩˦,三声 (上声)
wiao,wi̯au̯˥˩,四声 (去声)
wiao,"wi̯au̯ (ə (短促, 无固定调))",轻声
wiu,wiou̯˥,一声 (阴平)
wiu,wiou̯˧˥,二声 (阳平)
wiu,wiou̯˨˩˦,三声 (上声)
wiu,wiou̯˥˩,四声 (去声)
wiu,"wiou̯ (ə (短促, 无固定调))",轻声
wua,wu̯a˥,一声 (阴平)
wua,wu̯a˧˥,二声 (阳平)
wua,wu̯a˨˩˦,三声 (上声)
wua,wu̯a˥˩,四声 (去声)
wua,"wu̯a (ə (短促, 无固定调))",轻声
wuo,wu̯ɔ˥,一声 (阴平)
wuo,wu̯ɔ˧˥,二声 (阳平)
wuo,wu̯ɔ˨˩˦,三声 (上声)
wuo,wu̯ɔ˥˩,四声 (去声)
wuo,"wu̯ɔ (ə (短促, 无固定调))",轻声
wuai,wu̯ai̯˥,一声 (阴平)
wuai,wu̯ai̯˧˥,二声 (阳平)
wuai,wu̯ai̯˨˩˦,三声 (上声)
wuai,wu̯ai̯˥˩,四声 (去声)
wuai,"wu̯ai̯ (ə (短促, 无固定调))",轻声
wui,wuei̯˥,一声 (阴平)
wui,wuei̯˧˥,二声 (阳平)
wui,wuei̯˨˩˦,三声 (上声)
wui,wuei̯˥˩,四声 (去声)
wui,"wuei̯ (ə (短促, 无固定调))",轻声
wüe,wyɛ˥,一声 (阴平)
wüe,wyɛ˧˥,二声 (阳平)
wüe,wyɛ˨˩˦,三声 (上声)
wüe,wyɛ˥˩,四声 (去声)
wüe,"wyɛ (ə (短促, 无固定调))",轻声
wer,waɻ˥,一声 (阴平)
wer,waɻ˧˥,二声 (阳平)
wer,waɻ˨˩˦,三声 (上声)
wer,waɻ˥˩,四声 (去声)
wer,"waɻ (ə (短促, 无固定调))",轻声
wan,wan˥,一声 (阴平)
wan,wan˧˥,二声 (阳平)
wan,wan˨˩˦,三声 (上声)
wan,wan˥˩,四声 (去声)
wan,"wan (ə (短促, 无固定调))",轻声
wen,wən˥,一声 (阴平)
wen,wən˧˥,二声 (阳平)
wen,wən˨˩˦,三声 (上声)
wen,wən˥˩,四声 (去声)
wen,"wən (ə (短促, 无固定调))",轻声
win,win˥,一声 (阴平)
win,win˧˥,二声 (阳平)
win,win˨˩˦,三声 (上声)
win,win˥˩,四声 (去声)
win,"win (ə (短促, 无固定调))",轻声
wun,wu̯ən˥,一声 (阴平)
wun,wu̯ən˧˥,二声 (阳平)
wun,wu̯ən˨˩˦,三声 (上声)
wun,wu̯ən˥˩,四声 (去声)
wun,"wu̯ən (ə (短促, 无固定调))",轻声
wün,wyn˥,一声 (阴平)
wün,wyn˧˥,二声 (阳平)
wün,wyn˨˩˦,三声 (上声)
wün,wyn˥˩,四声 (去声)
wün,"wyn (ə (短促, 无固定调))",轻声
wang,wɑŋ˥,一声 (阴平)
wang,wɑŋ˧˥,二声 (阳平)
wang,wɑŋ˨˩˦,三声 (上声)
wang,wɑŋ˥˩,四声 (去声)
wang,"wɑŋ (ə (短促, 无固定调))",轻声
weng,wəŋ˥,一声 (阴平)
weng,wəŋ˧˥,二声 (阳平)
weng,wəŋ˨˩˦,三声 (上声)
weng,wəŋ˥˩,四声 (去声)
weng,"wəŋ (ə (短促, 无固定调))",轻声
wing,wiŋ˥,一声 (阴平)
wing,wiŋ˧˥,二声 (阳平)
wing,wiŋ˨˩˦,三声 (上声)
wing,wiŋ˥˩,四声 (去声)
wing,"wiŋ (ə (短促, 无固定调))",轻声
wong,wʊŋ˥,一声 (阴平)
wong,wʊŋ˧˥,二声 (阳平)
wong,wʊŋ˨˩˦,三声 (上声)
wong,wʊŋ˥˩,四声 (去声)
wong,"wʊŋ (ə (短促, 无固定调))",轻声
a,a˥,一声 (阴平)
a,a˧˥,二声 (阳平)
a,a˨˩˦,三声 (上声)
a,a˥˩,四声 (去声)
a,"a (ə (短促, 无固定调))",轻声
o,ɔ˥,一声 (阴平)
o,ɔ˧˥,二声 (阳平)
o,ɔ˨˩˦,三声 (上声)
o,ɔ˥˩,四声 (去声)
o,"ɔ (ə (短促, 无固定调))",轻声
e,ɤ˥,一声 (阴平)
e,ɤ˧˥,二声 (阳平)
e,ɤ˨˩˦,三声 (上声)
e,ɤ˥˩,四声 (去声)
e,"ɤ (ə (短促, 无固定调))",轻声
i,i˥,一声 (阴平)
i,i˧˥,二声 (阳平)
i,i˨˩˦,三声 (上声)
i,i˥˩,四声 (去声)
i,"i (ə (短促, 无固定调))",轻声
u,u˥,一声 (阴平)
u,u˧˥,二声 (阳平)
u,u˨˩˦,三声 (上声)
u,u˥˩,四声 (去声)
u,"u (ə (短促, 无固定调))",轻声
ü,y˥,一声 (阴平)
ü,y˧˥,二声 (阳平)
ü,y˨˩˦,三声 (上声)
ü,y˥˩,四声 (去声)
ü,"y (ə (短促, 无固定调))",轻声
ai,ai̯˥,一声 (阴平)
ai,ai̯˧˥,二声 (阳平)
ai,ai̯˨˩˦,三声 (上声)
ai,ai̯˥˩,四声 (去声)
ai,"ai̯ (ə (短促, 无固定调))",轻声
ei,ei̯˥,一声 (阴平)
ei,ei̯˧˥,二声 (阳平)
ei,ei̯˨˩˦,三声 (上声)
ei,ei̯˥˩,四声 (去声)
ei,"ei̯ (ə (短促, 无固定调))",轻声
ao,au̯˥,一声 (阴平)
ao,au̯˧˥,二声 (阳平)
ao,au̯˨˩˦,三声 (上声)
ao,au̯˥˩,四声 (去声)
ao,"au̯ (ə (短促, 无固定调))",轻声
ou,ou̯˥,一声 (阴平)
ou,ou̯˧˥,二声 (阳平)
ou,ou̯˨˩˦,三声 (上声)
ou,ou̯˥˩,四声 (去声)
ou,"ou̯ (ə (短促, 无固定调))",轻声
ia,i̯a˥,一声 (阴平)
ia,i̯a˧˥,二声 (阳平)
ia,i̯a˨˩˦,三声 (上声)
ia,i̯a˥˩,四声 (去声)
ia,"i̯a (ə (短促, 无固定调))",轻声
ie,i̯ɛ˥,一声 (阴平)
ie,i̯ɛ˧˥,二声 (阳平)
ie,i̯ɛ˨˩˦,三声 (上声)
ie,i̯ɛ˥˩,四声 (去声)
ie,"i̯ɛ (ə (短促, 无固定调))",轻声
iao,i̯au̯˥,一声 (阴平)
iao,i̯au̯˧˥,二声 (阳平)
iao,i̯au̯˨˩˦,三声 (上声)
iao,i̯au̯˥˩,四声 (去声)
iao,"i̯au̯ (ə (短促, 无固定调))",轻声
iu,iou̯˥,一声 (阴平)
iu,iou̯˧˥,二声 (阳平)
iu,iou̯˨˩˦,三声 (上声)
iu,iou̯˥˩,四声 (去声)
iu,"iou̯ (ə (短促, 无固定调))",轻声
ua,u̯a˥,一声 (阴平)
ua,u̯a˧˥,二声 (阳平)
ua,u̯a˨˩˦,三声 (上声)
ua,u̯a˥˩,四声 (去声)
ua,"u̯a (ə (短促, 无固定调))",轻声
uo,u̯ɔ˥,一声 (阴平)
uo,u̯ɔ˧˥,二声 (阳平)
uo,u̯ɔ˨˩˦,三声 (上声)
uo,u̯ɔ˥˩,四声 (去声)
uo,"u̯ɔ (ə (短促, 无固定调))",轻声
uai,u̯ai̯˥,一声 (阴平)
uai,u̯ai̯˧˥,二声 (阳平)
uai,u̯ai̯˨˩˦,三声 (上声)
uai,u̯ai̯˥˩,四声 (去声)
uai,"u̯ai̯ (ə (短促, 无固定调))",轻声
ui,uei̯˥,一声 (阴平)
ui,uei̯˧˥,二声 (阳平)
ui,uei̯˨˩˦,三声 (上声)
ui,uei̯˥˩,四声 (去声)
ui,"uei̯ (ə (短促, 无固定调))",轻声
üe,yɛ˥,一声 (阴平)
üe,yɛ˧˥,二声 (阳平)
üe,yɛ˨˩˦,三声 (上声)
üe,yɛ˥˩,四声 (去声)
üe,"yɛ (ə (短促, 无固定调))",轻声
er,aɻ˥,一声 (阴平)
er,aɻ˧˥,二声 (阳平)
er,aɻ˨˩˦,三声 (上声)
er,aɻ˥˩,四声 (去声)
er,"aɻ (ə (短促, 无固定调))",轻声
an,an˥,一声 (阴平)
an,an˧˥,二声 (阳平)
an,an˨˩˦,三声 (上声)
an,an˥˩,四声 (去声)
an,"an (ə (短促, 无固定调))",轻声
en,ən˥,一声 (阴平)
en,ən˧˥,二声 (阳平)
en,ən˨˩˦,三声 (上声)
en,ən˥˩,四声 (去声)
en,"ən (ə (短促, 无固定调))",轻声
in,in˥,一声 (阴平)
in,in˧˥,二声 (阳平)
in,in˨˩˦,三声 (上声)
in,in˥˩,四声 (去声)
in,"in (ə (短促, 无固定调))",轻声
un,u̯ən˥,一声 (阴平)
un,u̯ən˧˥,二声 (阳平)
un,u̯ən˨˩˦,三声 (上声)
un,u̯ən˥˩,四声 (去声)
un,"u̯ən (ə (短促, 无固定调))",轻声
ün,yn˥,一声 (阴平)
ün,yn˧˥,二声 (阳平)
ün,yn˨˩˦,三声 (上声)
ün,yn˥˩,四声 (去声)
ün,"yn (ə (短促, 无固定调))",轻声
ang,ɑŋ˥,一声 (阴平)
ang,ɑŋ˧˥,二声 (阳平)
ang,ɑŋ˨˩˦,三声 (上声)
ang,ɑŋ˥˩,四声 (去声)
ang,"ɑŋ (ə (短促, 无固定调))",轻声
eng,əŋ˥,一声 (阴平)
eng,əŋ˧˥,二声 (阳平)
eng,əŋ˨˩˦,三声 (上声)
eng,əŋ˥˩,四声 (去声)
eng,"əŋ (ə (短促, 无固定调))",轻声
ing,iŋ˥,一声 (阴平)
ing,iŋ˧˥,二声 (阳平)
ing,iŋ˨˩˦,三声 (上声)
ing,iŋ˥˩,四声 (去声)
ing,"iŋ (ə (短促, 无固定调))",轻声
ong,ʊŋ˥,一声 (阴平)
ong,ʊŋ˧˥,二声 (阳平)
ong,ʊŋ˨˩˦,三声 (上声)
ong,ʊŋ˥˩,四声 (去声)
ong,"ʊŋ (ə (短促, 无固定调))",轻声
